auth_log_id,transaction_id,auth_method,auth_success,auth_timestamp
fa4a7154-f04f-4f1c-b146-2428d43977ed,cf7a8587-b6d4-4e6e-bb0c-36d0e1cff3a3,OTP,True,2025-01-10 15:19:45
788ddc19-095f-4899-99c2-024103182404,2f378174-2819-47f9-9a96-7dbc611a7b8c,BIOMETRIC,True,2025-05-14 07:49:10
54c0800e-a7f6-4376-918d-7015d526079f,29fdcf8c-a68e-4ac8-b7bd-b35d9070ba58,BIOMETRIC,True,2025-01-09 03:19:47
d78046d6-c245-40a9-8056-ea5877e2921b,d2cbcdc1-3687-4d3e-a2bb-903d486810ba,BIOMETRIC,True,2025-02-28 11:24:00
1edc6bab-9313-456a-9f61-591f1961839a,3b8dc5b4-7f48-4b43-b0ac-0b973580ecbe,BIOMETRIC,True,2025-03-09 13:16:41
5034e827-0967-46ae-afef-d7f96308843e,5d8f22a3-2aa0-4f92-9fb3-fa50dee4bf95,BIOMETRIC,True,2025-02-05 16:31:57
7de15a47-50df-49b4-aeac-6940a787523f,09c64434-ada2-49af-8fba-ea1ac9d86f9b,BIOMETRIC,False,2025-01-24 22:22:18
cb64e05c-fc98-4fa9-b94b-6a6522031991,5afd91fb-4ad8-461d-abea-74fd63c744f6,BIOMETRIC,True,2025-05-07 13:34:42
d09d4192-f92e-45b7-9d38-392622c99a41,10144712-a11b-44b7-851d-ed6002ba19d8,BIOMETRIC,False,2025-03-23 04:20:11
85a65f9a-3db2-4330-aaf1-373b456691dd,ffa0df2c-e4c6-4a4b-a188-bba12729d76d,OTP,False,2025-04-28 03:37:43
452b40af-ce09-4776-b803-8d3e9481b3d0,4da245a7-ca1b-4cfa-a6cf-017424b81711,BIOMETRIC,False,2025-02-20 01:26:44
274c9902-6853-4855-9cc3-285cc6cb412f,88d29f9c-784a-4572-a47c-9c729fe7808e,OTP,True,2025-02-15 04:13:25
db2d9f51-d310-417b-8d53-6b70b4c6eff6,d2e635ea-18e1-41c7-a671-86d364dc5cb9,BIOMETRIC,True,2025-03-23 12:49:39
7bf2ebe6-d90d-422b-b49f-ec8f179d0e75,c498fd35-5993-4270-9f95-1fc5098f367c,BIOMETRIC,True,2025-07-05 15:57:53
6ee80e62-6beb-4db0-a5cc-e87e15c0a522,1aeca38f-b4a0-493b-9603-df72c33f5d3f,OTP,False,2025-06-21 13:57:47
33b0c95c-18fe-45fb-b9f2-df6baeaac821,9ab83944-d249-4557-b140-3c790dcc8a76,OTP,False,2025-03-02 16:39:23
a5ce0279-ea88-467d-9574-d0a5406eba07,8dbc2bc6-a4ec-4abe-9984-11b9a5455dd7,OTP,False,2025-02-27 13:22:11
3d851ed6-479c-4245-bd4a-a09f795f6676,74b418b7-399b-4cea-93ae-cdc3b2a73278,OTP,False,2025-02-18 12:02:05
133787f6-7c7b-419b-bf99-e46288aaaf74,04ff7d36-4521-49cd-ac40-36741f7b2710,BIOMETRIC,True,2025-02-17 17:23:55
cbabdd4b-8227-42c7-83aa-6963d12cbcd5,b408f7dd-add4-4156-b9d8-17db4615a8fd,OTP,False,2025-05-05 04:41:23
49c79eff-f603-4efd-a154-153d1d0dd157,ca480fde-7017-444b-b23f-4ab1b0c62119,OTP,False,2025-06-06 03:23:49
9926ca7e-a4d9-4f56-b713-b7148754df79,8e6a47c7-f494-4375-8f46-09cf46071c25,OTP,False,2025-01-21 11:53:36
c4bbfa42-91f0-4289-826e-85d285cd382c,326f3cc6-3f75-45e1-ad8e-610df14ee145,OTP,True,2025-02-21 12:47:28
6a31dbc2-b21b-40c1-bdfd-0db29bc24199,8d704ac4-def9-4c9b-9536-6cbf0d165fae,OTP,True,2025-02-24 22:42:22
a9b063ad-16cd-4082-a52f-925860ec0d1e,dba1c3d5-fdd9-4ecc-98c3-23481b02e880,BIOMETRIC,True,2025-03-19 17:35:10
397639bd-e137-4d42-a914-9dcfd6dde2a6,76cb665f-3225-4125-af69-2b9d96d0e84b,OTP,True,2025-06-03 21:06:20
ec8ecbc3-9cf4-46ed-9300-b925af0d1f0b,15743017-db46-413b-8001-dc74cbbf5148,OTP,True,2025-04-13 13:26:35
ad9a4f32-dbc1-41e0-8761-8413a06805bf,8596869e-fa69-4eb9-8acf-8073f6062d64,BIOMETRIC,False,2025-02-14 04:55:34
8cc9896b-ce92-4316-ae1e-c79885b346e3,b5f58b39-7287-4322-99fd-f094b052caf6,OTP,False,2025-01-28 17:41:19
82629501-e02f-45e5-9b6b-2083e71b1756,1ca5628e-1725-4f7b-9a20-e41088bdbca9,OTP,False,2025-04-26 02:54:28
0c7a6cb8-3791-4dbc-9adf-1bf478e606d2,980d8246-1450-436c-a668-dddddf5e89b0,BIOMETRIC,False,2025-01-05 04:38:32
706e9c13-dcff-4320-9ac8-776961a917eb,b77f11f2-686c-46af-b3fe-22ece9124b11,OTP,True,2025-05-09 19:14:56
d4da37d1-757a-450a-a22a-d39328858b65,b2f6786f-67b9-46b4-800c-bf7b4707545f,OTP,True,2025-05-19 05:29:59
ac2bf1e6-243a-469d-b58c-6dfddb01536e,0267f998-cc6d-4aee-9d24-4bca51cca037,OTP,False,2025-02-03 07:22:16
2d135a6b-dbaa-4b7f-b11a-4c4331e0899e,0ccd927f-c1c6-4d84-a725-52651f693b9e,OTP,True,2025-01-20 13:31:30
2af43bc6-22a6-4c60-a15b-ca43ea8aa438,8a5abc01-4bad-48b5-bd69-0c50997b77f9,BIOMETRIC,False,2025-02-08 09:25:19
032f3f39-a724-40be-9fa3-523ba1eacf5a,0c1eeaef-ff1a-4834-8c26-c8849ab8d757,OTP,False,2025-04-15 12:13:00
8ad1bfc0-d82a-410f-bcb0-041811bd8e84,9998758f-5abd-475a-8ca9-0035c7643488,BIOMETRIC,False,2025-06-30 05:12:36
24a207af-ce0b-4023-b6cf-62572c8eaba6,057ce976-4313-49e0-bb0f-1f8517cc3695,OTP,True,2025-02-27 10:08:46
3466fb31-174f-4e9a-8334-96cc97b2d2f5,03838986-eaec-428d-b973-062974b1112f,BIOMETRIC,True,2025-02-17 07:41:27
e920e3e8-118e-4234-9988-d11b1085ed1d,f7309e1b-06c4-4341-83be-007309a0e28c,BIOMETRIC,True,2025-03-08 11:17:54
9895ee1d-156e-4e2d-8696-184fad05b7f8,218bb719-62ff-434d-bfd3-a3e30e598b2d,OTP,True,2025-02-10 03:31:03
3fb03bea-ef3a-4e82-a483-77a3afea2e16,df5eb887-acbf-42df-913d-2e506405228a,BIOMETRIC,False,2025-04-16 03:47:11
087f4f55-7cb0-4f5c-bb46-2fa65ec928f1,049023f4-45f6-48da-9ed4-95ac56f601b3,BIOMETRIC,False,2025-01-10 01:29:14
5a86dc03-0d75-47de-96cf-d13d46abb87a,a554896c-3f84-46e3-bbf9-291b6b466949,BIOMETRIC,True,2025-05-09 15:43:03
750eff9f-62e1-40f3-b87c-1248d11d86b3,35f59354-fe1f-4d43-9d08-7c6d2e8735e6,OTP,True,2025-06-01 16:47:34
c3d5b4a6-11a1-4af9-b0d6-d3584b161d0b,b5275202-ada9-4cd5-914c-9216bc6d8c11,OTP,True,2025-06-01 13:25:33
9ed8fefa-d888-473d-a921-e6ce08c715ae,06370fa6-9c4e-42a5-a91a-99357f8b6ff9,OTP,True,2025-05-30 13:54:21
580c472a-f9cf-4e9f-a4e8-43c9a996a96d,1e2e8ee5-be0f-4540-a816-a096e756c3db,OTP,False,2025-02-06 03:37:25
300b5dd5-1864-4ac4-8b3d-6f6d372370cf,bf44697c-83ee-44d3-8d84-ec08c3552610,BIOMETRIC,True,2025-02-02 21:26:51
4a39dc55-5ad6-44e6-8618-826efe3dbf95,b0754a8f-4f20-4f50-a729-e9c7fc034b37,OTP,False,2025-02-08 06:59:49
34a548b4-63b4-429d-bd9f-f2027a64fc43,32961371-1e50-4baa-9021-affcdd55a0eb,BIOMETRIC,True,2025-02-28 17:43:29
99831182-016b-4638-920c-c5860ddf0009,3ceb387c-e7a9-4f3b-aee6-02ced1d3aa76,OTP,True,2025-02-14 14:59:17
2e397f17-d8ce-41b5-a2af-ca7151e14dd8,74a8c0e0-7125-48f3-8f91-c8c55a670ea3,OTP,False,2025-01-07 09:29:31
06547987-2a05-47e0-b631-c699a45ffd30,c3a9f5fb-8d20-4fc7-8c59-24bd9e8c82bf,OTP,True,2025-06-07 23:22:30
253bbb7e-85c1-4e91-b4cd-80efde10c7cf,e6be48bf-d3ac-463d-a5e0-c4c88afc0207,BIOMETRIC,False,2025-06-09 19:19:34
30021b84-f5aa-4c04-95ec-50276a123d5b,521cc28e-1b25-4de4-b807-f558cccc510a,OTP,True,2025-02-19 02:22:09
92b190c7-b452-4ea0-a381-d71fc3f17d3e,76b1a385-1457-44be-8506-a111b04dbf98,OTP,False,2025-02-13 05:18:30
3fa0c86f-a818-4f77-8886-6fdedf04b19c,e22068ac-5754-4bed-bd79-bb94c4e4f086,BIOMETRIC,True,2025-06-02 15:09:05
58a811d2-849c-4dd6-9fe9-b37d0c54fbbb,af146281-f161-453d-a706-c1c8acdc28bf,BIOMETRIC,False,2025-07-14 23:49:34
0c81a4e9-2fe2-40b9-ae9f-23fcfb7b1864,ac13e95e-017c-4eef-a2fd-658425ad74a9,OTP,False,2025-01-23 00:22:40
66084110-98f8-481c-80ed-2dc130216700,0c1eeaef-ff1a-4834-8c26-c8849ab8d757,BIOMETRIC,True,2025-04-15 12:13:00
23b448e7-d7e1-4d00-9410-1691c2923718,5afd91fb-4ad8-461d-abea-74fd63c744f6,OTP,True,2025-05-07 13:34:42
d5590ab8-906a-462a-b524-d5d22af27624,4709f99d-4211-4490-bbcb-172ac8b9f699,OTP,True,2025-03-24 16:05:58
02859d00-0cc0-4c82-9cbd-1bf2ce34c501,e63e39a8-e68d-4de5-932d-69caab388612,OTP,True,2025-03-15 13:33:12
10e1aaf1-1e1c-489c-9412-16730a6c63b5,c048c451-91a2-478c-a168-53d50e5f80a7,BIOMETRIC,False,2025-06-22 15:43:46
239f4cc7-b301-4206-9b27-90fd1d143764,daf32390-adb5-4556-b366-0784f95f0d26,BIOMETRIC,True,2025-01-11 15:12:38
e0250c15-dab8-4868-8375-bebae580f15b,89340b90-cba9-4dd8-bdaf-463942268ed4,BIOMETRIC,False,2025-02-12 06:05:49
91884d50-2cda-4f0a-8ff5-458e69e39ab1,dfa018a5-7e1d-427b-88af-667e5ce51963,OTP,False,2025-01-13 02:46:17
b8d36985-fdc3-4752-94f7-9db575c4cfbc,7dd3aced-ccdc-4abf-a76b-629ecc263ba4,BIOMETRIC,True,2025-07-03 18:56:27
0fc1013c-111f-46ff-b793-9886ab19daa1,a42380ee-26e7-45f9-9da1-ae4c5da0a1d4,BIOMETRIC,False,2025-01-11 19:56:20
e439f576-3b95-472a-88d0-984648309682,4af0f1ac-d43b-4d04-8734-10b54227ba3c,OTP,False,2025-04-16 19:30:02
2408bfff-0f0a-4629-baca-ae4f34be881c,99e7f0fb-283a-419a-8bd1-16086cb4ff08,OTP,False,2025-02-23 09:26:27
45f28396-eb08-49b3-b88c-d593cabcf5b9,e091b064-e258-4b38-8778-001e545a707e,OTP,False,2025-03-13 01:56:39
2816dfa0-aced-4f33-9cfc-0c0aeeb51836,b46a7917-1594-4737-a1c3-cec5780a8b1f,OTP,False,2025-07-02 23:07:48
c78ce8dd-d9a5-4d86-8836-35b646003d6d,d16d5118-87e6-4201-9e04-245268a768c0,BIOMETRIC,False,2025-05-01 17:10:06
2210a07e-2ee0-4569-aaa1-a6cfe6f7c737,0ccd927f-c1c6-4d84-a725-52651f693b9e,BIOMETRIC,False,2025-01-20 13:31:30
f6540522-3a40-4f43-8a85-5d1a7c67cbe9,f8101d45-8bb8-4628-9e44-d44237de0978,BIOMETRIC,True,2025-03-25 11:31:28
d6c2c014-573d-4cbc-ab27-cdf9349e2ed6,92b7d5a3-cbc2-41f6-a200-60abf7d7d548,OTP,True,2025-04-13 22:42:38
a10cadcc-f260-430c-a3f3-60dd80a6030e,f70439cc-8a04-4f3c-9193-7ffacf465adb,OTP,True,2025-03-08 18:05:18
630a3c51-8f73-41f0-8feb-359b4f68d57f,4af1b6bb-6f65-4596-b1c6-0b8f6e90a2be,OTP,True,2025-06-08 05:44:16
732b7649-eb58-4673-a8f8-9601b32bbc2a,b604828c-4a37-407d-b76c-6f0eb6fabf54,OTP,False,2025-03-28 05:37:13
5d27e617-9016-40f7-85b1-2d8c28fb9221,2df5e1eb-b535-40a2-ba1d-dea11edc8d45,OTP,False,2025-06-06 15:25:45
40f5644c-3ef1-4164-b116-044c4071454f,dab087dd-39a0-445a-8d51-dfc60238180d,BIOMETRIC,True,2025-07-15 08:55:49
23c8d2b5-5a9d-454c-86f5-c377c5fc4098,1d8dc754-2cd3-4e79-b84e-fb285b7459dd,BIOMETRIC,False,2025-01-05 07:45:10
e31a3f69-450b-4873-875f-56b65bcaa828,750c9149-8dca-4854-82aa-0f31e3cd3726,OTP,True,2025-04-06 04:55:49
38b24bc9-62fb-4c11-b47e-558fd5e38228,fa793d80-25b0-4efd-bac8-7f3d550276ac,BIOMETRIC,False,2025-05-04 06:22:01
3e64c455-9696-4870-b137-9c915db97afd,81093637-a261-499f-89b0-2f7cea549150,BIOMETRIC,False,2025-01-29 15:11:09
22992946-2c82-4290-bccc-908d79b4dfba,9c7fde96-91d6-42a3-b4bc-3cd2b3b029ce,OTP,True,2025-04-20 18:38:58
97abaf44-66a7-41ed-8ae9-1146942efaff,040d8d2d-1b9f-4cf7-8a56-76e45fedb2d7,BIOMETRIC,False,2025-04-03 19:47:38
5d1626f9-5a02-47f8-8c91-10d67024ae79,aae8043e-1634-4d01-847c-8ace71921a5f,OTP,True,2025-03-04 12:07:32
1bf6df36-1688-414a-8141-b872899bd9de,81093637-a261-499f-89b0-2f7cea549150,BIOMETRIC,True,2025-01-29 15:11:09
71282965-bac6-4c67-b04e-19f2d40b7c4e,7e57221a-9f21-467c-8b7b-5d4580a0c226,OTP,True,2025-04-04 10:56:09
ae9c6c6f-fc30-4c87-bb18-c638a7ffe4de,4a961f29-4686-4b4a-b0d2-a795648f8cc1,BIOMETRIC,False,2025-05-02 10:43:48
9986df10-e381-49e6-940c-3a6e6300676c,56315386-31eb-4a6d-a776-8246a8a47050,OTP,False,2025-06-20 05:47:05
908eaa5c-824f-4108-a2ed-d8b6330d9ef8,421607d2-2938-4087-af74-8a53866b1442,OTP,True,2025-04-02 19:46:13
110a0369-3582-4769-80df-a128a7d30bf8,814ff058-2567-4fc4-ac7b-256f5c34d82f,BIOMETRIC,False,2025-01-03 14:30:26
50e0d3a3-a054-44eb-a800-2370c3e6851b,4a961f29-4686-4b4a-b0d2-a795648f8cc1,OTP,True,2025-05-02 10:43:48
d0b6a7c8-4545-4cc3-a596-18a82ac4e602,b55a92cc-2e49-45c1-bf3c-3538ec96627a,OTP,False,2025-01-31 23:31:23
8d87404f-3fc9-4a55-abe5-0a685ba59bda,3de4bfc4-44e8-4538-8578-9753b45e3a0c,BIOMETRIC,True,2025-03-23 10:16:06
d79e40d7-2ce8-4047-9412-0df7d52cd4b7,2f378174-2819-47f9-9a96-7dbc611a7b8c,BIOMETRIC,True,2025-05-14 07:49:10
4327889a-bf82-43fd-8d5b-9c8ca6f60a0b,2b030c36-5a18-44e7-a7da-54417c2e8ea9,BIOMETRIC,True,2025-01-14 18:33:46
3c193b7c-3a78-40cb-b67f-2dfbf3e22ebd,9fa50bde-fc37-46ee-b1dd-df6a36026ac0,OTP,False,2025-04-29 21:27:42
5d76bb67-178c-4027-846f-7f31ed46d23c,0930538c-0d13-4327-bc4b-70e13e69ffb6,BIOMETRIC,True,2025-06-15 10:27:49
a153806e-9f33-4310-ab86-03d651e2a79e,26d4dc85-7f00-4fb3-afae-01aef160179e,OTP,False,2025-03-27 11:05:20
28ed3e59-bd53-4853-b58a-c0e31c9c761d,62dfcf25-95bc-42b3-81d8-37e853868c1f,OTP,False,2025-02-27 02:48:14
423021c6-0339-47c9-ba74-2671fd969653,6a94245f-f049-403a-b00e-5a4bff1da04c,BIOMETRIC,True,2025-05-06 03:10:16
2d5baf8a-3625-403b-9926-3895c58758c8,41cc1e5d-6741-4fb8-b5ae-830051f81a71,BIOMETRIC,True,2025-04-11 21:40:40
a845a336-3762-4e45-ae31-bdc48b24540e,37c83389-6543-4e7a-b9c6-4bf64d1fab69,BIOMETRIC,True,2025-05-06 19:09:19
d6c45ef2-43f0-456d-93e5-8ba54b0e9861,cbaecf1d-c3bf-4583-aece-83d8478b7145,BIOMETRIC,False,2025-04-04 23:02:28
52fdddfc-a7cb-439f-aff4-8fb9ebbdc9ac,2b030c36-5a18-44e7-a7da-54417c2e8ea9,BIOMETRIC,False,2025-01-14 18:33:46
c8029983-6680-42ba-a262-fa62c6f61987,c8afa4f3-6756-4a52-84de-3e674ce4bd9b,OTP,True,2025-03-05 04:32:40
142d1dcf-b6fa-4847-bb51-7ae62f061f5e,040d8d2d-1b9f-4cf7-8a56-76e45fedb2d7,BIOMETRIC,False,2025-04-03 19:47:38
d02406d9-ab9e-423c-8dcd-84524eb09015,35f59354-fe1f-4d43-9d08-7c6d2e8735e6,OTP,True,2025-06-01 16:47:34
1e17d657-737d-42e0-8e78-d647530e9076,3ceb387c-e7a9-4f3b-aee6-02ced1d3aa76,BIOMETRIC,True,2025-02-14 14:59:17
54a4d4d9-ed03-49bb-b447-04d8b078c8eb,80717dd5-4338-42fd-8b31-b8b49620c1cd,OTP,True,2025-05-24 15:36:46
3c2b4c5f-6d64-471e-a2f3-9ff11714a990,4957ec59-2457-46ee-87e2-939bd25c1512,OTP,True,2025-06-26 06:10:54
61342d44-b3b3-4d6c-b6e6-8cc03052b7ac,ee4afc47-02fe-4ad4-b69c-2298f9d9d963,BIOMETRIC,True,2025-07-03 04:50:07
c8e346f9-9237-4a35-96b1-337418153be8,1deba0a1-0c34-4416-bc65-55aa7c93e562,BIOMETRIC,True,2025-06-23 11:53:26
461ff423-a5f0-41fe-acdd-5283af16d855,0aaa5c99-e92e-46e4-abf0-498f625d566b,BIOMETRIC,True,2025-05-19 09:00:57
14bbe284-cb56-4cd9-b5fd-4e5c0d79104d,d72b2da0-8805-4d4f-817f-7d6f48266ada,OTP,True,2025-02-02 18:25:04
1d4a8b08-6e27-4cf4-b837-0dc22361758f,70cc14d4-b8f1-4b48-83d5-8b55cb1a9209,OTP,False,2025-05-07 08:27:26
d186ea87-3659-419f-bb9c-7b588546cf81,77b8e8a0-9f0a-4cdc-8d86-dec66ba26a0d,OTP,True,2025-01-21 15:25:58
ae1afab3-6827-4248-81a8-4df0932ab2f9,a808685b-d0de-462a-ba41-3b4f263ccf06,OTP,True,2025-02-01 06:21:59
2c3561e2-84ae-483b-ac81-a9c6bb4d90c2,750c9149-8dca-4854-82aa-0f31e3cd3726,BIOMETRIC,True,2025-04-06 04:55:49
ad258de1-b8cb-4db0-8d34-bb83a19edceb,234d5216-fcfe-4a88-be3d-a6f900bfd477,BIOMETRIC,True,2025-02-22 10:11:47
33940196-41b6-40c3-94ec-f728ae6fe37e,67ced82e-3d46-47ab-a33c-b35d2d255667,OTP,True,2025-04-14 05:47:42
3082847e-7d58-4112-966e-67796f43ab3a,ea32f4bc-05d7-4d5b-a9ba-eb70fa9f20a8,BIOMETRIC,False,2025-01-17 10:49:38
22801aa6-0dd5-4fed-9526-945f03018718,22735b94-4dd3-49f3-9c25-ecaa9d39629a,OTP,True,2025-05-21 15:47:59
691b27fd-4209-4a6e-86df-686b0f7fa4d2,d3e613fa-4568-40f7-9c2e-53a883222e10,BIOMETRIC,True,2025-06-04 16:52:36
6da16463-b08a-425c-ae78-6c956d505596,3de4bfc4-44e8-4538-8578-9753b45e3a0c,OTP,True,2025-03-23 10:16:06
ba073bb9-e606-46fb-b275-450f5ef173c2,27a58e69-75aa-4146-a4f6-273ce53f0f54,BIOMETRIC,True,2025-03-19 03:01:28
c0f11bff-850f-401c-82ba-bd386ab0478e,cd301ce8-91d2-4d2e-b12c-5e5cc08fdfa4,OTP,False,2025-06-11 20:56:04
d9aa25e5-c4bf-4472-9f74-509dde59c556,e35e39fc-41e8-4584-85cb-0f6daf143fc3,OTP,True,2025-06-11 15:07:00
fb6b6070-2786-491f-ac8c-bfcd3af20e8a,5c93b097-99ba-44bc-b64b-a014117d153c,OTP,True,2025-07-12 23:28:23
1ddcc6d4-ae19-4ac2-8a37-9deb89dad2f8,819b268a-6552-4bc7-9c02-c32410c0145f,BIOMETRIC,True,2025-01-19 22:58:32
763b2477-f75a-4cf0-aa65-0821efe3a6d4,d6ad9ac7-0aa3-4520-ab81-ab628868a123,OTP,True,2025-05-30 22:47:21
b3c87777-a23e-44e0-a839-9f4f04c498da,fa64ea7c-0f61-499c-9d2e-328922cf6c17,BIOMETRIC,False,2025-06-07 18:34:49
a799dcac-8e3d-42f3-8e55-c9666c9dd84c,5fdca75d-b4c7-4d92-a541-bcb5f789705a,OTP,True,2025-05-10 12:06:57
c199bcc3-927e-4415-86c9-f8eca2abe793,56b07b2c-42fe-4895-9c19-4f27c28ba211,BIOMETRIC,True,2025-04-09 00:36:29
2c5b5a7e-a1a1-44dc-999e-d3c1b5d756ec,ef35cf12-8f2c-4745-afea-b9d14a838222,BIOMETRIC,False,2025-01-12 13:19:34
0b90eea7-b1d8-434c-8250-271edf8ade20,c6b49497-a513-4cf1-a0a7-977d562722a6,BIOMETRIC,False,2025-01-09 22:39:36
a25e097c-fa39-47d2-8682-ec6a7e5f674a,62dedd00-8396-4a1d-aa3f-f7543faa83bd,BIOMETRIC,False,2025-03-26 19:01:24
f93c6fd0-fe6c-4fc1-95af-d5ed80787243,6cecb059-c43d-499f-9e19-3ecb11130d5b,BIOMETRIC,False,2025-06-12 18:06:43
2d7ef4a4-0e1b-4c18-b839-a0bf47738f01,0930538c-0d13-4327-bc4b-70e13e69ffb6,BIOMETRIC,True,2025-06-15 10:27:49
1164b758-78db-4112-83e7-8054b607deb8,df170a47-2b10-4674-99ca-705655fb873d,BIOMETRIC,False,2025-06-01 15:02:13
e98412df-91e5-4254-a670-1f91df715cfd,9c7fde96-91d6-42a3-b4bc-3cd2b3b029ce,OTP,False,2025-04-20 18:38:58
4603b698-beb0-44f5-8240-98a18e4a5b75,73f523df-2b57-4e40-8e7a-8ac63cb74529,OTP,False,2025-02-23 13:08:38
3dad4d00-fb9f-47f5-b849-e6f58ab7b7c8,8ae86e04-95b9-4cab-a973-82cbee5813a6,OTP,True,2025-02-09 23:18:21
d2c5dd6c-9d22-434c-bcd6-756534ed6218,33a60837-8c86-42e6-a06e-572cf561d05f,BIOMETRIC,False,2025-01-15 20:24:36
b35e534a-64ef-4927-a9a1-e6ebd67880ab,c6b49497-a513-4cf1-a0a7-977d562722a6,OTP,False,2025-01-09 22:39:36
8ff3ef24-481e-4d17-b5c6-70bebeaef6ef,9416a1f7-8581-4cbd-ae66-5088eb8d8eb1,OTP,False,2025-06-30 14:26:05
5cbbdb6b-8070-4967-9b97-360244502c3c,edbd1a23-5829-4417-8312-6f3974fde22f,OTP,True,2025-01-14 13:53:16
6f2a24d2-ae35-46f3-92fe-ca1338e6c954,66d0d8b7-f34f-4ebe-be17-45bd1a61552d,OTP,False,2025-05-14 07:34:10
147b0b35-c55e-45f8-92cc-b71df8c9d68e,bea704ea-7332-409b-be9e-5f50398f5138,BIOMETRIC,False,2025-05-15 16:23:25
6cf0dc22-42ce-4a54-98bf-78ef9d123762,4af0f1ac-d43b-4d04-8734-10b54227ba3c,OTP,False,2025-04-16 19:30:02
a32d32ae-72ea-44b0-9c4c-20c6a494d1b9,aaf5c1d1-ff79-4911-bc8d-0256873021d4,BIOMETRIC,True,2025-04-23 01:50:07
658a3379-5491-42be-91cd-49bac0359526,1dd483e0-59d4-480d-959e-216dca07dfbf,OTP,True,2025-07-05 00:19:27
48f4278d-2523-4dd3-8ad8-ed0d001ea1d0,0f002ebd-8905-4481-b4d8-c0bcb7a0b400,OTP,False,2025-03-11 00:14:38
5a70fbb8-0b7b-4d6d-98d6-6ece35081574,a0eb1fa2-641a-4e50-804b-fc69eaff635f,OTP,False,2025-01-31 14:09:11
e4f20f42-3eb8-47ac-a7a1-6e5c593f5323,81f0234a-b64a-4c8e-ac96-2f6a74ffdf4d,OTP,False,2025-02-05 19:41:05
96a4d3c6-24b0-4a6b-8d2f-b50daa098ae8,163b837b-8af1-4ce8-b67a-528a4a1159b5,OTP,True,2025-01-28 21:27:59
1fec7eae-5f27-41a1-9fa3-2a7ae6d982b7,e7acf2ce-9588-4346-995c-a684c9b1bd5f,BIOMETRIC,True,2025-01-14 15:14:03
62a19ec1-61c7-4214-b211-efbaa445ed0b,6ccfd092-b693-4d43-8b94-8178d6eab862,BIOMETRIC,False,2025-04-26 13:02:55
10baf73b-8a9d-4285-9a33-e59d4e116910,124c72b0-fd0f-40b5-94e5-5a681c6d4ea7,BIOMETRIC,False,2025-06-21 05:46:23
35abbb26-985a-4cf6-92e2-6af73a025b23,fa64ea7c-0f61-499c-9d2e-328922cf6c17,OTP,True,2025-06-07 18:34:49
40bd9318-22eb-4ba2-a5b6-b487d473d5d6,37c83389-6543-4e7a-b9c6-4bf64d1fab69,BIOMETRIC,True,2025-05-06 19:09:19
3515c462-6307-40d6-a136-d5ba3782ee72,8b41574e-34f5-4608-83cb-f43b0a6ef153,OTP,False,2025-07-05 19:32:32
f412b65c-1514-482f-87c9-efa2e5d03f21,7be26053-917c-4faa-8077-5163f12df717,OTP,False,2025-01-05 12:31:09
06901496-87bb-4171-8b0d-c8c1ef8ad431,8fd15ba8-2dc2-4951-ab0f-612968f06f7c,OTP,True,2025-06-14 00:01:47
2d2b1aa6-75eb-454e-9267-444a552a982a,bbba0028-2b43-4cac-a698-ed6aee43835c,OTP,True,2025-04-25 19:32:30
fbca40d5-484a-4394-8edc-7fd42968cdc1,56b07b2c-42fe-4895-9c19-4f27c28ba211,OTP,True,2025-04-09 00:36:29
4f2447bd-b4bf-4ab3-94e3-17bd466aa8a1,8530b515-d237-40bd-81c9-b62d80666e1b,OTP,False,2025-03-05 14:13:56
caf25811-8902-469a-95db-7a3d6a7a487d,89e0b0b2-8d01-4fef-9c47-b8cc107b4c75,BIOMETRIC,True,2025-03-05 14:51:59
b18847c3-9bc6-4ab6-8adb-255aeaef6c0f,766825e8-c22d-465a-8b17-51900fc0aa15,OTP,True,2025-05-07 20:34:33
ff5b039d-b90c-42bf-935f-56611cf4ae05,d939686d-90c1-4080-be33-93b7de563329,OTP,True,2025-03-18 18:06:08
a1517b00-9a04-4467-a970-a6e595577afb,819b268a-6552-4bc7-9c02-c32410c0145f,OTP,False,2025-01-19 22:58:32
3f420666-9a07-43b0-949a-090ce43cfccc,23c686ae-5621-4117-bac9-5eb77fcf4634,OTP,False,2025-04-16 07:41:15
098c7eb1-49c4-4977-81e4-a13b34e35e20,06370fa6-9c4e-42a5-a91a-99357f8b6ff9,OTP,False,2025-05-30 13:54:21
71097ee1-828e-42f5-a2e1-a96e3f13aeff,176c1414-26f3-435a-9614-52a129a939a2,OTP,False,2025-01-23 04:48:08
35500409-f086-4928-9d12-5238389d8cc6,b29dc679-f2a1-4749-8b2f-b19cf62fd2d1,OTP,False,2025-06-18 16:19:51
fce12991-bd92-41c6-8e3f-78cdb26070f4,cf7a8587-b6d4-4e6e-bb0c-36d0e1cff3a3,OTP,False,2025-01-10 15:19:45
b0aca831-38c4-4327-98b6-2de65fc3c42f,2c91cb39-73c8-4503-90d0-f5db089a8860,OTP,False,2025-06-12 02:37:23
66b4c73f-cbc5-480c-bb6e-7696c4704d5b,dcbb2c84-6a8e-40c6-9bc5-d3aa99fe7e69,OTP,False,2025-01-30 10:09:03
3b2c76a8-4005-4d3b-9476-644cbb02ff83,cd639cbd-fdd7-4e02-8e33-36184c3872da,BIOMETRIC,True,2025-02-24 11:56:07
7b0cd481-4f8d-4468-91ab-4dfe4ba25600,33186e39-932b-41c5-af8d-df2bf043658d,OTP,False,2025-05-11 23:01:09
0e6e2821-5ef1-4994-a3bb-437317d80860,e8b6aeeb-43c0-484d-8095-23f722f14b2b,OTP,False,2025-06-25 22:49:07
528e7508-84b0-4cb1-b59d-72de0ce45083,9c7fde96-91d6-42a3-b4bc-3cd2b3b029ce,OTP,True,2025-04-20 18:38:58
c5dc3fbd-8dd2-4107-9a6a-1bda55a3b4e1,868fce1c-e62e-4f30-9a0b-a4e736bf61c4,OTP,True,2025-02-01 00:02:53
964fa8cc-18e0-4e06-8178-0b12783e6afa,8fc934c6-6fae-4bf4-a0d2-99ec8cdad008,OTP,True,2025-05-17 08:03:18
575f6e6d-9a16-4a92-bd11-ae11a5e22f01,a64fff35-f6f2-48e2-bd59-84cf516dde3d,OTP,True,2025-02-18 15:30:53
85f63be3-5afb-49f6-af82-90c5a77703b0,ccba641a-3fe6-4996-991b-44d9303ceaee,BIOMETRIC,False,2025-01-24 18:02:55
65d2bf9b-228c-4a43-b2a0-a5156343d4fc,375fcb0c-f7b0-4b11-b278-a4f9b4a57092,BIOMETRIC,True,2025-04-02 14:33:29
1de938ea-d8e7-45b9-b857-24d9ed36a77d,9fa50bde-fc37-46ee-b1dd-df6a36026ac0,OTP,False,2025-04-29 21:27:42
5c3f036d-4a99-4846-9aaa-c12416818a92,1deba0a1-0c34-4416-bc65-55aa7c93e562,OTP,True,2025-06-23 11:53:26
d2a32133-d462-40f0-b65c-e598a0079faf,54fd4712-64f0-44ee-b466-196fe77d8406,OTP,False,2025-05-23 05:59:32
3cfc7fc6-bc20-4915-85c9-4e484db39f37,2b9ad24c-9b68-4504-9b6b-067317c36336,OTP,False,2025-02-02 10:24:41
1cd55225-3914-4d3e-a2fa-aebac262e97f,375fcb0c-f7b0-4b11-b278-a4f9b4a57092,OTP,False,2025-04-02 14:33:29
4e0b046a-e3f5-4c62-a0fc-eccad33191d5,c7a08369-b984-4682-a0df-61fbcc905bd8,BIOMETRIC,False,2025-04-28 20:00:38
d279863c-3ab9-4bb5-a880-51a6d44f44ab,76cb665f-3225-4125-af69-2b9d96d0e84b,OTP,True,2025-06-03 21:06:20
9f1f4329-5ec3-4a8f-bcfd-cb40b0ef8feb,d3e613fa-4568-40f7-9c2e-53a883222e10,OTP,False,2025-06-04 16:52:36
b8abb630-c79e-4d97-9b14-069559902d96,9f7c6fb4-ca58-470a-935c-d067a868eed9,BIOMETRIC,False,2025-03-17 03:09:33
b5c12bf8-61e1-4de9-b30d-c610159b8702,c498fd35-5993-4270-9f95-1fc5098f367c,BIOMETRIC,True,2025-07-05 15:57:53
d6a0c224-c792-4894-a08e-cead987cb121,8c689e64-4fd3-438d-bb34-fc3930b7147e,BIOMETRIC,True,2025-07-16 07:38:35
7fabe7e8-ddd7-4825-9ab9-2edad497ac6a,b604828c-4a37-407d-b76c-6f0eb6fabf54,OTP,True,2025-03-28 05:37:13
6ecd98c4-cedc-4e46-ade2-22a24a531ea5,fb697a24-1e22-4a65-a958-122afb1a2df3,BIOMETRIC,False,2025-04-12 12:47:10
edba71ac-4eef-4bfa-a7d0-43d82ece1ed8,56ebe71d-6cb2-42fd-83c5-e343cf10dcad,OTP,True,2025-06-14 23:39:54
011854a2-b6a9-4a23-aaf2-fd1e55710b0b,a70f45bd-b0d2-4442-bef2-a0124a68d49b,BIOMETRIC,True,2025-02-06 08:19:18
dfe5a3ee-527d-4245-aa32-fc62e9328e59,48ad6260-a3dd-4633-97fc-0aaab1c95ad1,OTP,False,2025-04-09 06:36:23
c6d3dd74-79bc-46bd-9d79-042e9c3198bf,25fc1470-f1fd-4819-a008-ae58f6d62023,BIOMETRIC,True,2025-01-24 12:46:04
791d7be4-1776-452f-a593-5ea25eaccfd1,e6be48bf-d3ac-463d-a5e0-c4c88afc0207,BIOMETRIC,False,2025-06-09 19:19:34
6017b44c-b465-4f44-b5ef-154a1f746548,b66d3d06-e277-4a49-88f8-5fd420186219,BIOMETRIC,True,2025-01-14 04:56:58
3090c14f-7468-4bb7-9d66-81acfdc05d9b,d13318a0-6269-4201-a074-129ea55730d8,OTP,False,2025-04-16 08:03:47
bc0ed2ed-3510-48ed-8efd-34620ad8bc4a,576b3833-95ab-44d6-b68c-38fe0b99482e,BIOMETRIC,True,2025-04-02 13:42:04
6029b3f8-50fc-4830-a07a-b3e9e74558b2,de2c4040-7fd5-4d1c-b095-1a721923c391,BIOMETRIC,False,2025-01-21 08:26:04
462baea3-5f89-4655-b06a-68955c132dc7,dab087dd-39a0-445a-8d51-dfc60238180d,OTP,False,2025-07-15 08:55:49
7e1da8b9-5038-45d7-a33a-26d56b217dd4,dd1e3659-3c93-43d0-bd18-7172e38158ce,OTP,False,2025-05-09 07:34:26
e6df3327-3208-4d7e-94e0-920f8e083200,29198125-bdd1-4eac-84e4-62a6111dda89,BIOMETRIC,False,2025-01-22 22:50:33
caa5a6ee-72d6-4dd1-bd2d-2433791734e4,ae952250-9ea8-4032-b12b-ad7e3d51a3a4,BIOMETRIC,False,2025-03-08 17:25:47
e5bf523e-90e0-4766-98cc-831b3e3202de,4ff01d66-0993-46cc-bea4-7b0eb99a7f76,OTP,False,2025-03-07 20:45:57
7cba75b4-cb1a-4e27-b902-d0680e2c28a1,be5245d2-593f-4611-843e-37245055163f,BIOMETRIC,True,2025-02-22 04:34:35
9da35bba-26c8-484b-8d40-86f5b3acc0cc,a4fbfb2a-8430-4e74-bb8b-2f3772ef370f,BIOMETRIC,False,2025-01-12 06:12:49
a0848141-9813-4d97-8617-972daab2e588,5fdca75d-b4c7-4d92-a541-bcb5f789705a,BIOMETRIC,False,2025-05-10 12:06:57
956b2101-7c2d-45f3-8d64-801a496eabf3,609d0df4-0c9f-4779-91a6-79cd1b796123,BIOMETRIC,False,2025-03-09 01:44:02
c115f43f-fcdf-4575-a503-36f980968ece,d6ad9ac7-0aa3-4520-ab81-ab628868a123,OTP,False,2025-05-30 22:47:21
518b0330-f4cb-426d-b2e6-1267108c8e34,71538452-b2ee-451c-8f96-e1e3e54e2009,BIOMETRIC,False,2025-01-25 00:06:11
eda6c616-3614-4890-adf4-997db69fbd60,09c64434-ada2-49af-8fba-ea1ac9d86f9b,BIOMETRIC,False,2025-01-24 22:22:18
ee1c74c8-f5cf-476d-8ffa-05da12977768,08f6ed03-85e1-493b-8b22-87ce494de7f7,OTP,True,2025-06-17 02:15:44
2a42cb1f-6b57-499f-b00b-98ad2cf2b152,af8fcdbc-4928-4f91-9e5c-ed2062cbc341,BIOMETRIC,True,2025-07-06 01:33:42
a3391561-5fdb-439f-b120-c4ed45b4b0b8,6a43bcf0-8488-4233-abd3-b4f70a45b0f6,OTP,False,2025-01-23 10:14:51
b1748c59-1bdf-408e-abc2-8a5e53c86f89,76b1a385-1457-44be-8506-a111b04dbf98,OTP,False,2025-02-13 05:18:30
ccb088ac-2eea-4fb6-aeaa-1b6582d6dc1d,74b418b7-399b-4cea-93ae-cdc3b2a73278,BIOMETRIC,False,2025-02-18 12:02:05
8b6ad3c7-1942-4cd4-936b-9ad1893f94ca,2d5d6f7e-f7c2-42e9-86c0-4001275d727f,OTP,True,2025-02-20 10:06:24
08349770-9930-4c67-b293-d0cca6c8559d,3cd5778b-93a5-4c15-b22a-1228a87b992e,BIOMETRIC,False,2025-06-30 22:42:57
2758a2c9-9289-4818-8108-1f410d35ad52,bb44f5ce-ddab-41f7-a136-011544f3c4f6,OTP,True,2025-02-09 14:48:42
abd78807-e5e0-4d1d-99a0-aa2970fe7cb3,d13318a0-6269-4201-a074-129ea55730d8,BIOMETRIC,False,2025-04-16 08:03:47
8edbfcfa-fc63-42d7-93db-4cd214f93f87,8dbc2bc6-a4ec-4abe-9984-11b9a5455dd7,BIOMETRIC,True,2025-02-27 13:22:11
6d73b241-66f0-4117-b53c-93d067f1cd37,fc104e23-fada-4ab3-8255-22ed6ec6fd89,OTP,False,2025-04-25 01:55:22
51b8cbd2-0d53-4fcc-a7d3-0ef0d956928f,a8b24a14-1d97-4d5c-ad7f-5045221c8392,BIOMETRIC,True,2025-05-18 06:47:41
d45ef641-d9c0-4e1f-b402-f7d3eeb29d6f,0e5fb052-ee2d-4867-9b1b-f77061fbec7e,BIOMETRIC,True,2025-02-27 15:37:49
527bf779-a188-4e35-86d0-7447a85b7586,fa8f63a5-f6da-447e-8e73-ef218aaa5728,OTP,True,2025-02-22 13:27:57
81c19e4a-8428-4b50-8964-53849602acff,4613ff98-8028-4588-9114-5628421098c6,OTP,True,2025-04-18 12:24:36
ddc262ef-eae5-4f4d-ad8e-bf4454ff59fb,d2d10307-f016-4aad-a6ad-a33f1b4e52ff,BIOMETRIC,True,2025-02-06 04:27:46
a7eb6778-acb5-485b-bd68-f1f86dcff396,9710e217-11c2-4dc4-8b8b-4b575d0326af,BIOMETRIC,False,2025-05-08 23:17:29
bb1ee0ac-cedf-4dae-bafa-40f83c492a30,5538f711-650e-430c-afe3-433e88987b77,BIOMETRIC,True,2025-03-03 09:30:47
91ebae73-474d-4f39-8bed-fbf2320d9aed,e5ce9a23-4c4f-4d83-8167-82f21e95327f,BIOMETRIC,False,2025-03-20 10:19:24
5c2ea066-c98e-411f-9714-d720bd3522e0,653743cd-815f-4c81-8908-749863ed6712,BIOMETRIC,True,2025-06-18 16:29:39
1aff3c38-647a-4db1-a875-64b4f82a2b24,5f160453-fdf4-4cb2-a3b4-d5e23d3bd5c8,BIOMETRIC,False,2025-05-15 02:07:26
ead22b4b-1a90-460a-95c5-ef7dcf11bfbb,e6be48bf-d3ac-463d-a5e0-c4c88afc0207,BIOMETRIC,True,2025-06-09 19:19:34
ffb8491b-b610-4959-b25d-dfbb792f17e4,dcc89daf-46be-462a-9b23-51a8172e9fd0,BIOMETRIC,False,2025-06-12 16:27:05
6f8d0743-abfd-4f32-b2b8-2cce3b466634,b5f58b39-7287-4322-99fd-f094b052caf6,BIOMETRIC,True,2025-01-28 17:41:19
2c79ded3-2567-4f94-802c-38c5d6b56e48,e73e8e40-e6a5-483f-b896-fb1dbdd4a4a3,OTP,True,2025-06-17 00:41:59
5c69c311-ac54-4bc1-9e8f-a4e31f385c14,df334f4e-1be7-461e-8968-46b51c415ce7,OTP,True,2025-05-02 22:27:20
1f3af327-cda6-4ce8-b008-b407bfa286d6,e32a9f65-6849-482c-8421-527618a45d69,BIOMETRIC,True,2025-03-08 19:56:48
105b53dd-ed7e-444a-9458-bc3a9b42f216,06b90c99-da08-45c5-8e38-ed921a1990d3,BIOMETRIC,False,2025-07-02 06:51:36
de1ba87d-61f1-46db-8783-e13d199e1e29,a498767f-9e6b-41d3-b7a0-55ebab859397,BIOMETRIC,True,2025-03-12 14:36:44
0a73ac77-8e17-45bf-a21a-b4ebaf5e2151,c9437361-7a00-43df-88d1-b057b4903717,OTP,True,2025-02-07 05:11:17
90cbced0-bdae-482f-81d2-9d53943007db,2b26c5df-c311-4db2-81c8-fe927db7c7d5,OTP,True,2025-04-25 09:45:57
b0ea30e0-294f-4270-a5a8-a09d286468fd,7a6f0bb8-d917-4206-a2d3-2ba9269df881,BIOMETRIC,False,2025-05-10 01:26:25
04754b73-1e63-4f25-b434-4536647181b1,ce2dcc84-9201-48f5-b09a-092b3eec0440,OTP,True,2025-01-13 09:21:50
812c8a04-6593-4302-b9af-d8d882dddb1a,cd639cbd-fdd7-4e02-8e33-36184c3872da,BIOMETRIC,True,2025-02-24 11:56:07
7bbb674f-c638-434a-9ddb-ec72d4be3b5e,13b9cff8-fe0d-41d1-ac38-12ec7f1bf59d,BIOMETRIC,False,2025-01-19 10:00:34
36fb0ab1-805f-4f13-8f40-eb671c15d01b,7ee5a943-b1c3-4c3f-b164-0b3428ef5a0a,OTP,False,2025-01-25 16:47:04
855d46ca-43a0-4f79-a042-4c35f935a2b2,242ff28c-354c-46f9-87cc-81d10fe62c20,OTP,False,2025-05-13 16:18:59
69c7fd33-13a8-427c-85c8-e2ea073d7812,402dc349-c342-42e5-980e-9b5a2dbdf929,BIOMETRIC,True,2025-03-17 12:42:14
86cbcbde-d155-484d-966b-1ee6f73defac,b55a92cc-2e49-45c1-bf3c-3538ec96627a,BIOMETRIC,False,2025-01-31 23:31:23
3ffdd0a1-9d62-477b-90b5-7edd17d095b4,eaf64d36-3368-4fcb-8bc3-eb2b9d6ff602,OTP,True,2025-06-09 22:00:23
eaaba604-99ab-4e80-8b4d-ba62b743a5ea,010e3888-be79-484c-ba15-f531023eb33e,BIOMETRIC,False,2025-02-11 03:51:04
b7a47166-a138-4218-a876-0e2f329c8cd8,c673bf51-5d3f-4f25-821e-f8e066b9212b,OTP,True,2025-03-18 20:56:42
d74034a5-89cf-49dc-a261-77b1d1e4dca6,a2574500-ed65-48fb-8eae-f139d872c606,OTP,True,2025-04-27 21:39:31
b58e602c-8477-477a-9fcc-d907213dc237,974a30d2-9811-44a4-ac0d-410dbd6482e5,OTP,True,2025-07-04 00:36:16
cb982dce-efc4-4228-8b2f-702130b524bb,0c1279ea-d963-44db-bd65-d1fff4033602,OTP,True,2025-04-01 01:59:10
dbd95950-0abd-47d7-8f65-0dd6f10f212a,c2165c6a-c267-467d-837b-601948898684,OTP,False,2025-01-14 00:44:56
9e5f77f8-f603-43fb-8017-af03f52940b0,7e57221a-9f21-467c-8b7b-5d4580a0c226,BIOMETRIC,True,2025-04-04 10:56:09
8de21431-d731-4221-b482-829157607f47,0f5d3b43-715b-4bcf-b5e1-94728398d7eb,OTP,False,2025-06-15 19:07:36
51063ef2-1ad1-4bf1-ab2f-9843955b68aa,b3370fba-63bd-4d04-8e2a-d5c3596cdeb7,OTP,True,2025-06-14 08:08:04
018ec1aa-b218-46e2-aa58-0e88df4f0a8e,2c91cb39-73c8-4503-90d0-f5db089a8860,OTP,False,2025-06-12 02:37:23
a8363631-1d04-40dd-8f49-455d9045c5dc,1b05dcd7-bb91-45f5-9bad-a6e886ec0a6a,BIOMETRIC,True,2025-04-01 04:36:30
926a6a9f-d658-4f9a-b055-2943807536b4,0e5fb052-ee2d-4867-9b1b-f77061fbec7e,BIOMETRIC,False,2025-02-27 15:37:49
7f942bd6-1e26-426f-a773-f345e59abb7b,eaf64d36-3368-4fcb-8bc3-eb2b9d6ff602,OTP,False,2025-06-09 22:00:23
d58ec82d-4b40-454c-920c-e75b591a82e9,d2cbcdc1-3687-4d3e-a2bb-903d486810ba,OTP,True,2025-02-28 11:24:00
1d125f61-ff96-4ddc-ba8c-ccf24ce61be6,6a479d73-7b4b-4834-8f32-998dda5a9799,BIOMETRIC,False,2025-04-05 15:58:21
581ca025-3bc2-4646-ab9f-8ec768f2f796,272b9ae3-3b1e-48eb-b1f2-eeb6a973305f,OTP,True,2025-03-16 23:25:11
e2179fce-d8d5-4c6e-ad59-c65065c3a08b,8530b515-d237-40bd-81c9-b62d80666e1b,BIOMETRIC,True,2025-03-05 14:13:56
153fe87a-74f1-460e-806a-601990551f73,2dc95e83-c5bb-4c19-8ff9-a64bd2c60ebb,OTP,True,2025-06-21 01:28:46
86eeafb0-b0ab-4665-a8d6-9af21b4e015e,784d879e-d60f-46a2-ad0d-6d0043e20119,OTP,True,2025-06-14 14:05:10
9af1160b-85d8-4853-a764-9810c21df88f,76bf6192-b392-4046-bd89-012b2bc83464,OTP,False,2025-01-09 03:04:00
508c4cc3-ef62-4301-9cf2-6484608bb4be,80622168-cb65-4f0a-8418-25ae8d88b892,OTP,False,2025-05-09 17:31:58
2ecc8ce2-7b04-4fac-a4a8-b692dd0409ea,72213e9e-ca69-45e0-89a3-9af74d39979c,BIOMETRIC,False,2025-03-19 07:38:56
c8b7537d-e151-47be-b170-72e3b8b1c274,ba74f2a4-7e9b-48b4-91f4-499b12e31056,BIOMETRIC,False,2025-04-18 11:25:16
9182b633-ad53-4767-921c-3a9f0d8209d3,29fdcf8c-a68e-4ac8-b7bd-b35d9070ba58,BIOMETRIC,False,2025-01-09 03:19:47
19ed407e-fc0c-482e-bdaf-e8b0bc7ba85e,86316704-5371-42a8-ab76-6b8ce01ad43c,OTP,False,2025-02-21 21:40:46
7982fd56-8c7e-4c76-970d-35720360717a,cbaecf1d-c3bf-4583-aece-83d8478b7145,BIOMETRIC,False,2025-04-04 23:02:28
2568a64d-61b3-49c2-8842-a630f68de493,d939686d-90c1-4080-be33-93b7de563329,OTP,True,2025-03-18 18:06:08
e32847e1-cc25-4979-8275-6b3a651826c5,064597b2-618a-423d-80d0-9462ea975009,OTP,False,2025-06-18 16:35:27
b72cd629-e640-4c90-9674-48a10261fb18,25fc1470-f1fd-4819-a008-ae58f6d62023,BIOMETRIC,False,2025-01-24 12:46:04
7e6c48a5-c0cc-48e4-810f-5b9ff9d83de1,2a893c02-ae39-4051-a441-0420b5b7ebbe,BIOMETRIC,True,2025-04-05 01:11:12
881d9fd9-9fb8-42bc-8bcb-64c4089a5ffe,e0e80283-a606-4e80-8611-b7203106ba82,BIOMETRIC,True,2025-05-13 11:19:03
dd7e5eaf-f015-4e0d-a311-e495e3d16db9,01002307-9a96-4de1-ad5e-7893ffb1809a,OTP,True,2025-04-23 14:55:40
fa5ae1b3-747b-41f3-b0b8-c22c42224df4,2a1dae4e-7791-45cc-b253-560e09bf1ef3,OTP,True,2025-06-11 15:54:36
9962e6b3-8ca3-45b4-8321-6fb39da757e6,895be430-ccdc-4900-a827-04c9dbe55265,BIOMETRIC,False,2025-03-07 19:26:30
022e903c-6afb-4688-958f-676155b310a1,fd2c3e75-a5a5-4b7d-b5d7-4e5845487dae,BIOMETRIC,False,2025-06-18 20:39:04
e1e8cefc-5865-4ea9-939d-ac8cfb07513a,e5ce9a23-4c4f-4d83-8167-82f21e95327f,OTP,False,2025-03-20 10:19:24
74f9c66c-ea42-4ddb-9e99-caa9181784e2,f737502b-b5ea-408c-b33c-00482d408ab5,BIOMETRIC,True,2025-03-15 12:15:38
b95c8edb-31d5-4728-80de-4d678454034f,9fa50bde-fc37-46ee-b1dd-df6a36026ac0,OTP,True,2025-04-29 21:27:42
a4ffa833-d17a-4b3c-ba10-cadfbcfa066c,a70f45bd-b0d2-4442-bef2-a0124a68d49b,OTP,False,2025-02-06 08:19:18
7045dc3b-4c26-4c9d-a696-44401482274d,09b35c2d-79bc-43b4-b45c-2571f8f715fe,OTP,False,2025-05-06 14:30:33
c9514155-7406-444e-bb06-ab5e1c049437,665e858d-1eb5-4292-9aef-cdfd5850a667,BIOMETRIC,True,2025-06-08 07:35:58
9513c660-7c19-4b8a-aabe-5f0857387bb4,ffa47a44-610b-4bcb-ab9f-95458214a5b2,BIOMETRIC,True,2025-02-19 18:28:08
1bed621a-4c2f-455c-a050-fbe8e6a1acfe,ee4afc47-02fe-4ad4-b69c-2298f9d9d963,OTP,True,2025-07-03 04:50:07
8d1494ca-45a7-41ca-820c-f0598afba61d,33fe4d3d-297d-4298-aecb-d6be780d05df,OTP,False,2025-06-04 20:57:55
d1defa8d-f831-4336-b03e-0985b2dfa8ef,1c5249fb-917c-4eb2-8bf8-18d6ea140b0b,OTP,True,2025-05-02 20:59:46
b1c26cad-d541-455b-845e-db60860aab59,d1a0320f-e581-4013-87a3-dc4e5e8fd18e,BIOMETRIC,False,2025-05-29 09:14:25
216e6d19-a142-4223-9797-d4c1990ba8be,9578a419-990d-4d75-8066-36fac0a6cf0e,BIOMETRIC,True,2025-05-18 10:56:56
ab44ab0f-7741-4bf4-8e9e-99976a9b63b9,42835e29-c414-4336-b6a7-a8b4d956a108,BIOMETRIC,False,2025-01-16 03:12:28
62b5029b-62b2-4fb0-8138-65c4fd358ce3,872f24a6-ba93-42bb-af89-ee105c779bf8,BIOMETRIC,False,2025-05-24 03:26:50
9181024e-0bb3-475f-b66d-c5ea3546e2fa,a11a03ec-1457-400b-bc4b-fcf51dfeec13,OTP,True,2025-06-22 03:27:00
d8cfda5b-c995-4e26-be92-eb118a6b5fbf,964623bb-7a63-4a55-93ff-294a1cc14b56,BIOMETRIC,False,2025-03-03 14:12:47
00a51bd5-baa2-4a32-b592-8bf490f894d3,9ee52708-c925-49e1-9d9d-5ef6d9ebf477,OTP,True,2025-01-04 04:15:23
7c8a342b-0fb9-4fb2-a109-02e3058513fa,8f2686f4-23e6-4f1f-adb0-3b4556bf887c,BIOMETRIC,False,2025-05-08 22:01:30
57136fb1-864f-466c-bf09-33804f2b02e6,0267f998-cc6d-4aee-9d24-4bca51cca037,OTP,True,2025-02-03 07:22:16
ac9a7ca4-f9e0-4a0d-87a8-6713f1989e62,ad5617e5-cf79-476e-be34-cc0b864cacaa,OTP,False,2025-06-15 16:41:30
4fc3d327-fa44-4a38-9279-4b11fdecdcb7,42cc58bd-0896-4e3b-868d-4fb2c9737c4f,BIOMETRIC,False,2025-01-20 16:41:40
076309df-73c6-40de-8671-1ed0520aa40d,02acf217-98ca-4097-9cba-80f21c59e9f7,OTP,False,2025-01-06 20:30:35
2438c8be-bc51-4577-91e4-08e7cc4043e1,4cf0e6be-3b77-4441-bef3-255a2ce2ff03,OTP,True,2025-07-14 01:41:42
f20a0039-a40d-405c-9c9e-40b31cc0c340,819b268a-6552-4bc7-9c02-c32410c0145f,BIOMETRIC,True,2025-01-19 22:58:32
453f8f38-6a94-4206-b1f3-a4582e9ca68e,fc104e23-fada-4ab3-8255-22ed6ec6fd89,BIOMETRIC,False,2025-04-25 01:55:22
3647252a-9aec-4707-b82d-f65871343bc5,9fa50bde-fc37-46ee-b1dd-df6a36026ac0,OTP,True,2025-04-29 21:27:42
84e3640a-ab29-4eb5-8e3b-accb31146f45,4aced343-02be-4b85-88e4-0eca8263a445,OTP,True,2025-07-06 06:55:07
831cbb43-30ec-481e-8921-396c6c70c8a7,78fd6e54-a506-41a3-911d-34302ac44cb3,BIOMETRIC,True,2025-04-26 21:47:25
70165348-af6c-4a32-a433-62cb60f0081f,226ddd36-2652-4e3e-b38c-f5840eacfee8,BIOMETRIC,False,2025-02-17 14:06:03
fe5a4f9d-7675-4bc4-b1d4-510d0848f54d,edf307c0-40d2-482f-b429-77f2d5ae0b01,BIOMETRIC,True,2025-06-11 22:57:49
01009e61-a66e-425f-884b-76c99e0e8a24,8ae86e04-95b9-4cab-a973-82cbee5813a6,BIOMETRIC,False,2025-02-09 23:18:21
3b615401-7420-4bf5-b1e5-e0f637027297,61cf240b-4f4d-4e4d-97fa-7c80c4dbb6e2,OTP,False,2025-03-02 04:00:35
a45f3f31-50e4-4a8a-a66a-b58d14388e92,b981f16b-996c-4b9d-b859-4b802cc476b4,BIOMETRIC,True,2025-02-16 19:45:11
ac57969e-0cfe-496c-b568-27be657ba2b5,ba0e9b07-011d-46fc-b535-a5d1b3d01e9a,BIOMETRIC,True,2025-05-31 06:10:51
02d6f22b-6820-49a3-b5e9-9b84b8c6f6ac,2d5d6f7e-f7c2-42e9-86c0-4001275d727f,BIOMETRIC,True,2025-02-20 10:06:24
537361ad-39e2-44f4-a268-25cbf978d1f3,0663b53d-d64f-408f-93da-efcccab4ba9a,OTP,False,2025-06-18 07:36:48
0cf3032c-b4f3-482b-9b98-1751b5c6b382,442b863b-1e2f-444d-88a8-b22421e464e1,OTP,True,2025-06-29 00:23:02
62847ed1-899b-4c27-8a87-5166ee5ee41e,ee18bb50-4411-4d0e-8d57-75afce8b8348,OTP,True,2025-07-07 23:39:04
9a5a9805-0d92-45aa-8a87-313261a63c5c,784d879e-d60f-46a2-ad0d-6d0043e20119,OTP,False,2025-06-14 14:05:10
a6c36043-78ce-4d99-b040-7db117a3d0d4,3571628c-5153-430d-ae02-c30c6f5107bc,BIOMETRIC,True,2025-05-09 06:47:36
3b5eeb21-c72b-44e3-b3c6-5129081fcaf1,72213e9e-ca69-45e0-89a3-9af74d39979c,BIOMETRIC,False,2025-03-19 07:38:56
427f60df-176d-4556-8dec-c9c2840cd369,70652d2f-376d-443a-b59e-d16ba9857ece,BIOMETRIC,False,2025-03-23 03:17:53
d0f66baa-d29e-4d00-8a01-2c28ade4f722,5622e5b4-15c3-4697-8510-259b9d5d0775,OTP,True,2025-04-18 14:01:25
b7ef0774-68bd-4057-be51-6827cd124cca,a51deaf3-fb77-4a82-98ed-a58b31ff4455,BIOMETRIC,True,2025-02-10 11:26:00
e00f67ea-ce4a-42ce-9d19-d3d8618e9f80,a5ad5d48-b0c6-407c-b52e-12d9d1a798d8,OTP,False,2025-02-24 17:40:18
22942040-0437-45d5-9239-bf7e6b76f96c,2b9ad24c-9b68-4504-9b6b-067317c36336,BIOMETRIC,False,2025-02-02 10:24:41
fbec8eb3-c7e1-41da-b17d-365fcc975ae4,56b07b2c-42fe-4895-9c19-4f27c28ba211,OTP,True,2025-04-09 00:36:29
11081c1e-dfef-44e2-9da4-4ca55e55fee3,45690431-f545-4a4a-846b-9a163e761768,BIOMETRIC,False,2025-04-07 19:19:25
172d4bac-f4e1-47d8-8657-b8939ccecbb7,a2959ecf-ac2f-4444-94f9-11c40369f61c,OTP,False,2025-02-16 19:03:49
96e4535f-5ec5-475e-bdb7-a6d2bd022534,3940f346-b9d3-4aa8-803b-a39aca38987d,BIOMETRIC,True,2025-05-04 03:56:05
b5dd4b96-71e9-4eff-bcfc-76ec0ac63818,7bb6c2c6-53cb-4d26-87f4-db07f7efa0e1,OTP,False,2025-02-26 08:40:41
8849e3d6-bfbe-4f4c-af2c-75adb6c351a6,980d8246-1450-436c-a668-dddddf5e89b0,BIOMETRIC,True,2025-01-05 04:38:32
f5e82aac-fac6-407e-8c63-397bb032adf5,fa9e7fae-1a61-48f2-bbe7-79edc02f8c3c,OTP,False,2025-02-05 16:34:44
11b03855-dc91-4124-ab52-93be4da7d08f,2e643df0-bbd5-4d31-abd5-37a324cae2d7,BIOMETRIC,False,2025-05-22 09:05:54
71462c34-b14d-4316-8f93-61bb1ce70321,e7acf2ce-9588-4346-995c-a684c9b1bd5f,BIOMETRIC,False,2025-01-14 15:14:03
ba1e1493-c65b-497a-8cc2-eef1d6672cfd,86033277-1710-454c-8df0-87727d35a489,OTP,True,2025-06-28 16:11:37
0b5981bb-4cc2-4a00-890c-20d7a06c62ab,e4415928-208e-4eb4-8cd8-5c91006c037b,BIOMETRIC,False,2025-07-06 05:28:31
aeb5bab1-9f45-48a8-8083-4176ae922913,7c38554b-28ee-42ca-be32-424dfa8a0734,OTP,False,2025-02-19 10:22:53
ba5e6d37-2f81-4061-a442-a51d5df82ef9,2f310d88-0b99-4746-9485-6e74e513fca2,OTP,False,2025-03-10 12:20:04
2dfeb808-22d9-49b3-aef3-7dc6d6129c48,6ccfd092-b693-4d43-8b94-8178d6eab862,OTP,False,2025-04-26 13:02:55
4d763e66-3ccf-4541-ace8-1ab99557d236,4d305859-9826-41dd-b608-6ac24337030a,OTP,True,2025-06-09 01:46:40
9b3b1a61-4735-4f65-b0d9-10c9b13f987a,078b42ef-602a-4866-b9cf-96d3f2bb8ee8,OTP,False,2025-05-31 03:29:10
252e7c71-771e-4010-a3cf-0934f43d54e2,18a65a99-6cce-4d09-be8e-77e4a8013391,OTP,True,2025-01-02 19:02:45
e512130d-28fc-47ea-93a7-7b0c5bd4db44,3a94e8c3-9838-476b-839b-e610cc0065c5,BIOMETRIC,False,2025-01-15 06:53:58
29bb35b5-8399-4f9d-b442-f3335bba4ed8,aad9a54b-e348-406a-8a51-1a9a1abd0ae9,OTP,True,2025-05-11 03:13:18
c0dc1899-3686-4685-a993-a4e49f61ee43,5246f86a-6a44-4153-b24e-3c1a4cbfb87b,BIOMETRIC,False,2025-04-27 00:35:25
f4902605-1cac-40cf-a2b3-30f3acfd2936,080dc9b0-1247-4309-9143-228e47e6b5b5,BIOMETRIC,True,2025-07-15 16:37:57
62a4a33c-132f-4628-8445-19b9a2603913,29fdcf8c-a68e-4ac8-b7bd-b35d9070ba58,BIOMETRIC,True,2025-01-09 03:19:47
412cefe9-ef34-4071-8a4f-f8b238f0e866,64bd7b48-58b4-4a1b-a81e-3f43b3cae536,BIOMETRIC,False,2025-03-30 01:27:06
fe016028-e8e6-48c8-80d0-b0c2056b3b45,1deba0a1-0c34-4416-bc65-55aa7c93e562,OTP,False,2025-06-23 11:53:26
1e28926a-9e16-41e6-810a-8cec6999f792,8b41574e-34f5-4608-83cb-f43b0a6ef153,BIOMETRIC,True,2025-07-05 19:32:32
876c5c91-bb89-4136-9883-e63893886085,e2285a6c-3704-4f52-8131-751e10665b80,BIOMETRIC,False,2025-07-15 23:03:36
51b13474-a756-4a5d-b920-96bd93efea2b,c16709b7-c860-44e7-8c12-f0402a52ee6f,BIOMETRIC,False,2025-04-18 10:40:04
cefc3ad4-ba97-4935-91a7-42b3b181236c,dd1e3659-3c93-43d0-bd18-7172e38158ce,BIOMETRIC,False,2025-05-09 07:34:26
08a5db92-3484-41e9-8fca-5f38bb8c2e5f,2dc95e83-c5bb-4c19-8ff9-a64bd2c60ebb,OTP,True,2025-06-21 01:28:46
6cea20d2-4243-4ffd-bc73-545e31dc7cdd,764aeedf-727e-4be3-bd9a-c3d049b37641,OTP,False,2025-03-31 22:36:27
d8cda7ad-0c25-45a0-8147-5ba3dc7f9b75,24c92f1e-9aff-4ee9-a035-c231d6a43f31,BIOMETRIC,True,2025-03-14 07:09:44
91febacb-e661-46c2-b18a-c76eba2b2f9f,959415fa-532b-4c76-89bf-7f045a82c099,BIOMETRIC,True,2025-01-02 09:16:38
138ed698-7ea7-482d-b536-eac3997329db,cf7a8587-b6d4-4e6e-bb0c-36d0e1cff3a3,BIOMETRIC,False,2025-01-10 15:19:45
04ae9902-84e5-4a0d-9c3b-85ca5605799d,e8b6aeeb-43c0-484d-8095-23f722f14b2b,BIOMETRIC,True,2025-06-25 22:49:07
e7d2d0fd-052d-47aa-9183-b17d4d5e2cab,4632d2df-e66f-405e-8720-2920d7c920fc,OTP,True,2025-03-21 07:09:29
494db135-6848-44f7-ae63-6438360cf0bf,1ebdc743-2464-4c97-b466-d3080d0c7459,BIOMETRIC,True,2025-01-29 16:52:51
04b19b52-9b8a-48ea-950b-ee1283d24ba3,e105fcbd-7ac5-4372-9982-c19a0eeb9cce,BIOMETRIC,False,2025-04-11 22:50:45
6ae3dfd2-1ea2-4c1f-b782-60064be7436b,972dbcd1-ef99-4d9e-b6b6-8d1babcdb26f,BIOMETRIC,False,2025-02-20 04:25:24
53e5800b-154c-41e1-af6b-d098126c1ca2,8fc934c6-6fae-4bf4-a0d2-99ec8cdad008,BIOMETRIC,False,2025-05-17 08:03:18
5059ea06-5494-4dc4-879a-a0151a75fd21,8fd15ba8-2dc2-4951-ab0f-612968f06f7c,OTP,False,2025-06-14 00:01:47
0143a992-6893-4f6b-add4-8441a60d7fca,e4415928-208e-4eb4-8cd8-5c91006c037b,BIOMETRIC,False,2025-07-06 05:28:31
22ab3266-6b3b-45bc-9bae-3d0dfdad6507,9bbfe7aa-ec7d-46fc-8fcd-41a85477829a,OTP,False,2025-04-08 20:45:41
eb538467-b7a8-48c3-8b04-577183373f87,1de09f40-031a-42d9-aaae-1b5e2d867b8f,OTP,True,2025-04-25 21:00:36
054d1b23-3aff-4e8f-9475-5600ea4584d5,77b8e8a0-9f0a-4cdc-8d86-dec66ba26a0d,OTP,True,2025-01-21 15:25:58
738ca061-199d-4d34-93ae-83633eadbee1,163b837b-8af1-4ce8-b67a-528a4a1159b5,BIOMETRIC,False,2025-01-28 21:27:59
dabcb1f4-769e-4dbb-9bde-3091d2eac43f,ccba641a-3fe6-4996-991b-44d9303ceaee,OTP,True,2025-01-24 18:02:55
43bd95ee-6b90-49ac-9352-7d9fc7ded445,b5cfb53f-1388-4ae1-852b-e93cc66a141f,BIOMETRIC,True,2025-06-13 10:21:47
a22dfc8f-5b9d-4591-bb12-1ffa581786d7,73fb8794-dfcc-4977-804b-39fd0467fe1c,OTP,False,2025-07-12 11:33:01
c2ae394d-e365-47f6-bc5b-9b49b57ff9df,f1d1ec7d-ecb9-45e9-92c4-86af918c1301,BIOMETRIC,True,2025-07-08 09:02:56
0fcd53ab-9a2a-4ef3-8572-4f37d42975e2,6365b395-9bbe-4d13-8e3e-d62203173264,OTP,True,2025-05-28 18:03:20
25617dcd-fdf7-4697-86c6-11a24de87418,43706be3-3086-4d29-893a-b6e52ba63927,BIOMETRIC,True,2025-06-06 15:56:57
9f7adcb7-087c-428a-b3b4-dcf3f7de1989,bb44f5ce-ddab-41f7-a136-011544f3c4f6,OTP,True,2025-02-09 14:48:42
d924a593-3014-4064-9027-0a00bab6a34c,895be430-ccdc-4900-a827-04c9dbe55265,OTP,True,2025-03-07 19:26:30
fd6bfd71-531a-4b20-abfa-5e76e7d8544c,f3a5af15-bf22-4643-847e-f14cfdd51a31,BIOMETRIC,False,2025-03-25 05:11:16
3c97476b-e82c-4c14-ba47-76170c80975e,e7d1ea7d-b518-4f78-a214-8f78854625fa,BIOMETRIC,False,2025-05-16 13:14:15
2798c86b-f996-47b2-9dc6-f759e6431d52,123b4c06-956d-4c6b-9834-31a5580002a2,BIOMETRIC,False,2025-01-28 23:33:48
a9ef6303-f3dc-4259-ae8a-89576146c270,88321fe3-68bd-4c1a-89bc-ccee19319bb8,OTP,False,2025-06-14 06:37:14
f25f27a7-c99a-4f36-a047-9e97394144e8,7542e1e3-769e-47c6-a402-d54524ae16b5,OTP,False,2025-03-08 19:38:09
50d3f6df-a436-4fc8-936a-da96b1628333,8c6d47b3-699a-4aea-89c9-93de1b42dbe5,OTP,True,2025-05-03 15:30:30
fc72f18e-9d0d-435a-963e-8ec7430b5f12,23c686ae-5621-4117-bac9-5eb77fcf4634,OTP,True,2025-04-16 07:41:15
3154df89-bccd-418b-97dd-14ca377e6f30,3b5dc0a4-decc-49a7-9522-13303bc078d0,BIOMETRIC,False,2025-01-21 09:08:33
d2912c84-a24d-48bf-8217-fea1146eb6bd,f74d6943-56ec-441e-8e6c-37d751bc9ee4,OTP,True,2025-03-17 03:00:43
3857e602-3175-4c9c-ac67-717aa7093857,6f3e208b-74c8-40cb-8862-48585257eeb3,OTP,True,2025-02-25 21:13:43
d1f614c5-589f-4c23-b058-aa5fccfd57e2,5c191103-05e6-4baf-95eb-36ad511ba4a6,OTP,False,2025-01-02 17:34:23
8ee31eaa-821a-43a5-82ff-8f253d15c030,001c4595-7820-4a35-9ab5-74e3eb8b3207,OTP,False,2025-03-13 23:41:50
f3c93523-902d-4d8e-bf10-6d98aa568590,4f5353b6-7117-46cc-9e38-3dd4038cc0d4,BIOMETRIC,False,2025-06-27 02:01:49
5f9207f4-bcf9-4127-a8dc-e23190e2c0f5,9ab83944-d249-4557-b140-3c790dcc8a76,BIOMETRIC,False,2025-03-02 16:39:23
22ad984a-4d3d-44f4-aa9c-5cb0f5606b41,04dedfff-0537-4fbb-a7f3-63fabf0037b0,BIOMETRIC,False,2025-06-24 09:05:51
7fe505ca-2113-4475-89af-de124f7546a2,629b60fc-435c-4b78-8d86-14a0bac39364,OTP,False,2025-04-25 03:35:00
a408f3a7-f1fa-4e85-96cd-796ea1ed8834,3b5dc0a4-decc-49a7-9522-13303bc078d0,BIOMETRIC,False,2025-01-21 09:08:33
98ff1258-55e2-42f3-b59c-06d84fc2cbd4,677f9e15-6a3c-41fa-9343-973c4d990d87,BIOMETRIC,False,2025-03-10 13:55:47
641f014e-5687-415e-920b-5df5830fd0e8,abc2be6e-58ac-41f9-b329-eaef435e60c4,OTP,False,2025-03-05 02:23:49
1a93649d-7679-44e9-9740-22b10f71b5ea,24397e78-0696-4694-b8a8-ddaa5b2a7a8d,OTP,False,2025-05-27 15:16:59
40474020-0d76-47e5-a196-4a5742f20c14,4235bdad-26be-474b-b17b-a5379a0b4783,BIOMETRIC,True,2025-01-03 17:59:33
2e7164c5-067e-41fc-8f08-4fe98fa85383,14b79e6b-fcf9-4d59-9c96-725929b10004,BIOMETRIC,True,2025-01-19 20:09:40
9f3ebbaa-6cc0-4ad3-a23c-9387ec0beb83,46b949e3-b57c-42d3-be4c-613a346308f9,OTP,True,2025-05-06 20:30:33
fe3526d0-5b93-4d99-88af-1dd2cb8c3350,064597b2-618a-423d-80d0-9462ea975009,BIOMETRIC,False,2025-06-18 16:35:27
40e2a87f-8cf4-48ae-9a9f-e6ec3459a788,a11a03ec-1457-400b-bc4b-fcf51dfeec13,OTP,True,2025-06-22 03:27:00
7c5fb09d-cba9-4367-90d4-a4be2fc09da7,5fe1ee52-c3fd-4707-bb90-e7d1397c8d3c,BIOMETRIC,True,2025-06-12 06:01:40
f29708be-1a03-4016-b447-23eda4eaf59a,ee511cdb-b6ee-452e-b9b4-84e834f5df49,OTP,True,2025-05-01 04:19:26
bd069b35-b4d6-4d6c-bba7-9e5ff523ec86,354ff5f5-30ec-40cb-aa7e-efe8ea503db0,OTP,False,2025-03-10 01:42:23
2a3a8ad9-3d89-4198-b89f-7a893fe6f1f9,bb44f5ce-ddab-41f7-a136-011544f3c4f6,BIOMETRIC,True,2025-02-09 14:48:42
09aa6488-abdd-43b5-8af1-e6715fd96af3,eb426ef3-b77a-4913-a6ed-2d59b4c5497a,BIOMETRIC,False,2025-03-28 08:03:14
d9cf9927-93c7-449c-886b-5cfcc5dc4c6c,064597b2-618a-423d-80d0-9462ea975009,BIOMETRIC,False,2025-06-18 16:35:27
36fdfb55-d1ac-4783-ab30-e1bd83c85b93,fe54fcae-2ad9-4684-9c25-f7dba135d8f0,BIOMETRIC,True,2025-06-16 01:05:21
b2165f61-662c-41b6-9273-a2ca8b9d5ba1,a42380ee-26e7-45f9-9da1-ae4c5da0a1d4,BIOMETRIC,True,2025-01-11 19:56:20
76e4f2cd-a160-4a54-86a0-47e723196575,92da00f9-e3fe-4bca-971a-34348741d9b6,BIOMETRIC,True,2025-01-01 15:56:12
f6331634-608e-44ad-b12a-01cd96a36d55,c2a697b2-d4b9-4500-aeb3-5bd024c091fe,OTP,True,2025-02-14 17:27:32
71a571e6-9e19-496c-b1d6-7a03b8c49d0a,c3c0aff6-3814-4db7-b592-0af1d87f6dc5,OTP,False,2025-02-23 07:39:29
f1f249cf-7d0a-4366-b7c0-421587cfa7f8,b5cfb53f-1388-4ae1-852b-e93cc66a141f,OTP,True,2025-06-13 10:21:47
80785ba6-0c8b-4c9b-9a15-1393cc4bb251,70652d2f-376d-443a-b59e-d16ba9857ece,BIOMETRIC,False,2025-03-23 03:17:53
507fa5b3-aa43-4ee1-b5f8-1937a871f32c,9578a419-990d-4d75-8066-36fac0a6cf0e,BIOMETRIC,False,2025-05-18 10:56:56
26ce704d-572b-4b80-8d30-b969ea31a4be,9ab83944-d249-4557-b140-3c790dcc8a76,BIOMETRIC,False,2025-03-02 16:39:23
bfd628cc-185d-4e66-9e15-e4061a64729b,33bb833e-0964-41da-9f27-5f06062dfe3c,BIOMETRIC,False,2025-01-20 22:59:30
b7818113-e0f2-40e9-9edc-894bdc6f05e6,66d0d8b7-f34f-4ebe-be17-45bd1a61552d,BIOMETRIC,True,2025-05-14 07:34:10
e325d39b-d192-4952-8505-8d04a30f085e,867ada79-801b-4df0-b6fa-56c77988c3b5,OTP,True,2025-06-30 10:45:30
a212bb60-3d70-4dcb-b2f4-d9b407cc5d9f,9710e217-11c2-4dc4-8b8b-4b575d0326af,BIOMETRIC,False,2025-05-08 23:17:29
215f5590-0d67-4bf8-8b00-83b8cde186e0,3b8dc5b4-7f48-4b43-b0ac-0b973580ecbe,OTP,False,2025-03-09 13:16:41
1fff8a54-839e-4476-bb3c-7d82dd19a9ba,e81bb2ed-2468-4729-b9c3-c5fb445f7f8c,OTP,False,2025-06-05 21:50:07
7ccc3050-e18d-460d-a2ae-b0ec0d00832b,cbaecf1d-c3bf-4583-aece-83d8478b7145,BIOMETRIC,False,2025-04-04 23:02:28
d30dbcb7-dcf3-47ea-8c83-f76d7d4bfe1d,bd3740a3-9ccf-4888-994e-6b64468750e1,OTP,False,2025-04-02 12:43:39
3f1c75d3-95b0-4d9b-9729-5aaf6b77e684,f3a5af15-bf22-4643-847e-f14cfdd51a31,BIOMETRIC,False,2025-03-25 05:11:16
086eb066-754a-428a-b942-1b42e1efb6c8,f4e042ce-61c1-400f-8f06-7190834e5088,BIOMETRIC,True,2025-05-17 08:21:20
36d549c4-07e0-47a5-9c84-d2d3e9c905ef,8ab574d1-15ce-4b70-9a97-f5e8ab26ec6d,OTP,False,2025-06-21 13:39:34
beb74f91-baf6-42b2-93e1-18fb74a5d13e,790d8373-3fde-47f1-abf7-5eadb7d93d8a,OTP,False,2025-05-22 08:02:18
9e76658b-bf30-4014-8310-e7619981b969,73fb8794-dfcc-4977-804b-39fd0467fe1c,OTP,False,2025-07-12 11:33:01
adb9463f-19b0-432c-8ccf-762499542725,0ac3de64-c550-4397-838f-a36d9a26ccbe,OTP,False,2025-02-21 11:27:09
a4a6715a-8987-4109-86cf-a0149a39e795,c9ccceb2-fcc1-40ff-8058-aa1aca7f08ab,OTP,False,2025-04-17 22:31:48
896efead-bea0-4dfa-a318-ef7c2339c7cb,7b4cd9cb-a030-43c9-a4b2-e0d7a8d29c03,OTP,True,2025-03-19 11:25:43
7c00eb1e-1cf5-4266-9764-8198a9a7466a,8503142a-789d-476e-84fa-92a9ed5dd50b,OTP,True,2025-03-03 03:12:10
55b58ae2-9d30-40b4-96bd-28a95d454ddb,dab087dd-39a0-445a-8d51-dfc60238180d,BIOMETRIC,True,2025-07-15 08:55:49
c23486a2-f3de-48ec-a082-60746379bb70,ebd212fe-f8e0-4ece-a393-ab034cf00492,OTP,True,2025-03-30 22:07:02
e86a0e08-9a49-401f-b360-214cb9469a67,7c38554b-28ee-42ca-be32-424dfa8a0734,OTP,False,2025-02-19 10:22:53
b2a2e247-db94-4c3c-80dc-6af3a085ca32,a2307f3d-f7ec-4ceb-a7a8-47259a1a4a30,BIOMETRIC,False,2025-01-16 20:09:51
2ee2feb1-2b43-43fd-bfd2-8fadea13a1dd,06370fa6-9c4e-42a5-a91a-99357f8b6ff9,BIOMETRIC,False,2025-05-30 13:54:21
b3a3c0fb-d83f-4707-baaf-edf8573d565c,d16d5118-87e6-4201-9e04-245268a768c0,OTP,True,2025-05-01 17:10:06
a8c6eaa7-2bff-4471-9c16-176f488cd847,fc104e23-fada-4ab3-8255-22ed6ec6fd89,OTP,False,2025-04-25 01:55:22
1e1b27be-a49d-4f94-8ef6-a81d385628a7,3cd5778b-93a5-4c15-b22a-1228a87b992e,OTP,False,2025-06-30 22:42:57
347a760a-7159-4260-b5b4-b1cac68b596d,8e6a47c7-f494-4375-8f46-09cf46071c25,BIOMETRIC,True,2025-01-21 11:53:36
b6bca03a-8aa7-435d-8b88-aa442683b44b,18cb11eb-51a0-425d-9013-e1e7f06331ed,BIOMETRIC,True,2025-07-03 12:43:20
52bc4a29-3755-4677-b3d1-99aeb8ddeae7,2df5e1eb-b535-40a2-ba1d-dea11edc8d45,OTP,False,2025-06-06 15:25:45
a77ad19d-5461-4697-858f-bd2d2c3a930d,31623657-4473-40e4-83c5-596fbf22b40a,BIOMETRIC,False,2025-01-26 06:13:42
1cacf710-c0aa-48fe-b35e-5455c48bde72,73eb304d-cf4b-4c7f-aede-caa3d8ff1a84,BIOMETRIC,False,2025-02-09 23:55:07
042fdeb2-7e28-44d1-882c-0be5fdc043a9,040d8d2d-1b9f-4cf7-8a56-76e45fedb2d7,OTP,False,2025-04-03 19:47:38
16054199-2efa-4fff-a5af-e74d6c45891a,f3a5af15-bf22-4643-847e-f14cfdd51a31,OTP,False,2025-03-25 05:11:16
967726c2-940a-47f8-ac6e-b40d8e908d1b,2b030c36-5a18-44e7-a7da-54417c2e8ea9,BIOMETRIC,False,2025-01-14 18:33:46
1f0bba89-f43f-4ec4-a8cc-4e7d116f775b,280cf271-5333-4f99-b042-d4a56b9eb8b0,BIOMETRIC,True,2025-06-10 07:24:13
e0150ae5-5688-4bbb-9e8f-f26d72a954b1,73eb304d-cf4b-4c7f-aede-caa3d8ff1a84,OTP,True,2025-02-09 23:55:07
1926d655-251d-47d9-a3bc-cd14fa9c6a4c,bb02a6ef-4483-4545-9033-efabf2359f21,BIOMETRIC,True,2025-03-09 09:39:44
5e6a21c3-f63c-40ff-acc4-1bdce58a1db2,08a8871a-f6b3-4f67-af9c-e9528aa7d313,BIOMETRIC,False,2025-04-29 09:59:51
88e8210d-4bb3-4d75-b481-e8629d148ebe,73eb304d-cf4b-4c7f-aede-caa3d8ff1a84,BIOMETRIC,True,2025-02-09 23:55:07
7da2bfe9-8201-46d5-a200-1a9d00c865b9,fe54fcae-2ad9-4684-9c25-f7dba135d8f0,BIOMETRIC,False,2025-06-16 01:05:21
5eb9e48f-5636-4340-a05e-864df1f5d1a1,1ae5ef33-efb9-40f1-a6da-c9cb4061be6b,BIOMETRIC,True,2025-06-13 02:24:15
c9b25622-a78b-47db-8f3e-fb8e316261fa,ed337ba4-8ed4-4b9e-a98f-fa955d549ea1,BIOMETRIC,True,2025-02-01 16:37:52
7a11d5a4-7bbd-446b-9cca-97ebd9e5dee2,bd3740a3-9ccf-4888-994e-6b64468750e1,BIOMETRIC,True,2025-04-02 12:43:39
8e0c9de0-ebb3-439f-8ab1-aa520c7c5506,a9b22ea4-2b0a-4fd8-bb39-bdb93f92a26a,BIOMETRIC,False,2025-02-01 00:24:08
ca520fb6-ad38-4837-8d2e-6a8079c9c986,59efe906-623b-41ec-8c91-be098f129852,OTP,True,2025-05-08 14:57:18
d42b43f5-1992-4a13-9b11-e139fa9532d4,8f2686f4-23e6-4f1f-adb0-3b4556bf887c,OTP,True,2025-05-08 22:01:30
464aae7f-87af-4a5c-ba62-9f364951e457,c8afa4f3-6756-4a52-84de-3e674ce4bd9b,OTP,False,2025-03-05 04:32:40
8de4e4be-56dd-426e-8ada-3d08e1de41fe,dda9933d-4276-4f42-9888-c1903f1286b6,OTP,False,2025-07-06 15:54:39
20aa83d7-e56d-4d1a-a2de-f23d914813f3,ea994fc3-1fde-4d03-8db0-ccfd9a32fe56,OTP,True,2025-02-25 04:06:21
5b2daff6-a1bc-4133-9987-af21fc22601c,ddd923af-d7d1-4bd8-9fd8-e27c93d851f0,BIOMETRIC,False,2025-01-13 05:07:25
6dca3414-aa3b-47c2-8867-ad145b46e86f,4632d2df-e66f-405e-8720-2920d7c920fc,OTP,False,2025-03-21 07:09:29
a72597c1-7b73-4b6c-8f24-64a1b8f04ae1,1b05dcd7-bb91-45f5-9bad-a6e886ec0a6a,OTP,True,2025-04-01 04:36:30
e77067a3-f64e-4bc9-83b7-ea64ea41dec8,c6c3859b-6b34-4717-908b-8ccfe7455491,OTP,False,2025-06-24 11:28:21
f9f535bc-e8d3-4934-b6dc-5c371a473ecb,3c5c01e8-7fca-42e7-957d-fab5732b0ce4,BIOMETRIC,True,2025-03-06 12:14:19
7d3fa804-0e38-4385-8018-64199d450c05,003667a4-fc28-4048-9341-f1dcaa47e907,OTP,True,2025-01-10 17:43:36
73291bbb-7bad-46cb-849d-0cc675552735,629b60fc-435c-4b78-8d86-14a0bac39364,BIOMETRIC,False,2025-04-25 03:35:00
e4ee1d4a-8675-4ee9-bd46-64ab9d14add0,6365b395-9bbe-4d13-8e3e-d62203173264,OTP,True,2025-05-28 18:03:20
3b34884d-469a-494a-b498-16b1c966f6c4,1c1da60a-c4ed-4f12-97d4-2fbf04294a59,BIOMETRIC,False,2025-04-11 11:04:36
e89d2e3f-d6d9-4005-9b93-54a30f14a2a2,078b42ef-602a-4866-b9cf-96d3f2bb8ee8,BIOMETRIC,False,2025-05-31 03:29:10
45cb225b-1b55-4bd8-af2d-d3cd1115ed33,4a8749d2-2d08-4e28-a674-f59d9c4ff8f4,OTP,True,2025-06-13 13:55:51
3036568c-35f8-455d-9459-1cc9d3ab39f0,b1126836-7cfb-43c6-b6c4-a6b9329d2d07,BIOMETRIC,True,2025-04-11 00:35:57
c219f130-c783-4d92-afae-74336fb944bb,419af150-f67f-4196-8cc3-e431d3ed1f77,OTP,False,2025-02-19 19:12:00
a410d8ea-2dac-40f3-827f-70cc30ebd8e7,ee4afc47-02fe-4ad4-b69c-2298f9d9d963,OTP,False,2025-07-03 04:50:07
fa0aaac0-3e83-444d-a5fd-6a4cbc242161,c2a697b2-d4b9-4500-aeb3-5bd024c091fe,BIOMETRIC,True,2025-02-14 17:27:32
34db7e9e-b765-4b74-9a79-4d4318b912ca,8c6d47b3-699a-4aea-89c9-93de1b42dbe5,OTP,False,2025-05-03 15:30:30
31d93c2c-d148-48e4-ae50-2d2dd870a7bd,d7280b9a-0964-4895-ab3b-f614233dc351,OTP,True,2025-03-22 07:14:43
74c45ae9-2ff7-4bfd-ade7-5fbaeb104ae0,d141b6ae-8adf-40d1-a467-9a826b617af5,OTP,False,2025-05-30 04:58:01
2b448e21-098a-4ff2-a7fa-cedf700bd2c5,5ca8c23b-fba3-43d0-8a2e-a778c5eed9b2,OTP,False,2025-06-13 08:22:18
8ee84f42-a409-4a29-a070-9763c9f83191,2a1dae4e-7791-45cc-b253-560e09bf1ef3,OTP,True,2025-06-11 15:54:36
5405260e-f84e-4900-ace6-76650c511b53,5622e5b4-15c3-4697-8510-259b9d5d0775,BIOMETRIC,True,2025-04-18 14:01:25
e713aca8-c5fc-4a27-aef9-0a1a2fa6e0a0,7b4cd9cb-a030-43c9-a4b2-e0d7a8d29c03,OTP,False,2025-03-19 11:25:43
9d8e4629-87e9-4eee-893b-de47b740c8ad,8e629045-8f35-46bd-ab1d-f677ff701e68,BIOMETRIC,True,2025-04-23 19:15:41
6201cbe0-907a-4a3e-98a8-e3c5f0599ec0,5c93b097-99ba-44bc-b64b-a014117d153c,OTP,True,2025-07-12 23:28:23
8ec0c08f-a960-48de-9fbe-dec5e007924b,92da00f9-e3fe-4bca-971a-34348741d9b6,OTP,False,2025-01-01 15:56:12
6260e7a1-38d1-4013-8644-55523d38a447,fd2c3e75-a5a5-4b7d-b5d7-4e5845487dae,OTP,True,2025-06-18 20:39:04
09056906-d709-4ea4-b727-f2b775e97aa1,d73ab586-3556-4fd9-8054-a1a7de2c8ae4,OTP,True,2025-01-09 20:40:28
f3c39356-e6bb-4cd0-a949-c28f55079e45,9d1125e2-daa2-4140-9e63-7df29fbe7e22,BIOMETRIC,False,2025-01-21 15:22:48
6166302b-6003-47b2-a900-6a1b50b91310,3ceb387c-e7a9-4f3b-aee6-02ced1d3aa76,BIOMETRIC,True,2025-02-14 14:59:17
efcb3dc0-9e36-4675-a5f8-a88fd3cdd690,2aab8948-e842-4785-9149-1f3e7f73468a,BIOMETRIC,False,2025-03-14 05:21:53
2290e9b2-ce23-4c3b-b2d7-ffe242c0d5e9,a652d500-7151-4573-bd48-68ffa983d367,OTP,True,2025-03-10 04:01:04
8dfe1c56-a050-43aa-94fc-251d92952acb,218bb719-62ff-434d-bfd3-a3e30e598b2d,BIOMETRIC,True,2025-02-10 03:31:03
3dad4401-dc8c-4476-84af-2324786f1306,d72b2da0-8805-4d4f-817f-7d6f48266ada,BIOMETRIC,True,2025-02-02 18:25:04
2ac720f6-9560-40b1-b00b-693e885a5c77,af146281-f161-453d-a706-c1c8acdc28bf,OTP,True,2025-07-14 23:49:34
cf600be6-edaa-4c1a-a2d7-ab888ffc0b89,df334f4e-1be7-461e-8968-46b51c415ce7,OTP,True,2025-05-02 22:27:20
c8e1cae6-60f0-40f1-82e9-8705fe1a48fd,f3a5af15-bf22-4643-847e-f14cfdd51a31,OTP,False,2025-03-25 05:11:16
7eb35a64-863d-4643-b31d-a643efec49ed,8c14abf9-2340-4cca-a64c-32efffaec8b2,BIOMETRIC,False,2025-04-01 05:58:07
43061a7f-88f5-4b83-b0a6-b7a167ec9647,653743cd-815f-4c81-8908-749863ed6712,OTP,False,2025-06-18 16:29:39
14ee9a6e-22b8-4ad0-b0ee-03a6fbddcbbf,e54088c9-ec16-4b36-8d09-f42a72274b8f,OTP,False,2025-02-28 17:47:45
df712bde-40a0-4c5e-a26d-2d050b119592,b357c157-8fa5-4cf8-9b3f-4e1c79d12848,BIOMETRIC,False,2025-05-14 23:36:08
97dda3a6-0cf5-4503-a4ca-d5aed985861f,41cc1e5d-6741-4fb8-b5ae-830051f81a71,OTP,True,2025-04-11 21:40:40
0a4b0446-fb40-4bd6-866b-189ca4144b2d,e4df2efc-7fd9-4105-83db-d8443add10b4,BIOMETRIC,True,2025-01-10 00:51:46
b2d6320b-92ef-4843-9cb3-84cf21507d45,edd96f3a-1a06-4288-bb4a-a9fb1feacca3,OTP,True,2025-05-14 03:51:21
bc48803f-5f64-42f5-9e92-ec6760f2ac69,f89b6d82-9c92-4556-be5b-49ad3ab6a070,BIOMETRIC,False,2025-07-11 18:58:13
60237a6e-c95e-4258-b570-22af162bad79,62dfcf25-95bc-42b3-81d8-37e853868c1f,OTP,True,2025-02-27 02:48:14
c83998fc-e55a-4ce6-bddb-b1903daabd1b,e933e757-8fae-4738-b662-26d2589ec583,OTP,True,2025-06-23 03:26:54
45177614-2172-417d-b4fd-7d00be1d3f2d,1ae5ef33-efb9-40f1-a6da-c9cb4061be6b,OTP,True,2025-06-13 02:24:15
910450a7-cafe-4ab6-8002-fbf8678b7a56,ad5617e5-cf79-476e-be34-cc0b864cacaa,BIOMETRIC,False,2025-06-15 16:41:30
86e75702-1e92-4819-9f25-9db5d5b186b8,b408f7dd-add4-4156-b9d8-17db4615a8fd,OTP,False,2025-05-05 04:41:23
9d457060-f12b-4ccb-8903-697e9b7fb4fb,6cecb059-c43d-499f-9e19-3ecb11130d5b,BIOMETRIC,False,2025-06-12 18:06:43
66c75f3a-6648-4510-9e23-c33f681bdb01,884e1205-498a-472f-93d5-ead58489561a,BIOMETRIC,True,2025-06-03 19:47:40
f5ac7c5f-bf66-4536-a013-3e1b8fb2a6de,d3e613fa-4568-40f7-9c2e-53a883222e10,OTP,False,2025-06-04 16:52:36
c349833f-a153-46a8-ad0b-4343e86caeb2,592edf4e-3c6c-43c2-aa70-92cd2370b738,OTP,True,2025-01-25 09:50:43
a7cb99bb-780f-4f84-a532-c6b547080278,04dedfff-0537-4fbb-a7f3-63fabf0037b0,OTP,False,2025-06-24 09:05:51
4456e46a-7bf5-43ff-b9f8-b36b62f84359,41ad1a5d-046e-4beb-ba9c-77b0dc10f649,BIOMETRIC,False,2025-03-09 01:13:52
a6bc50f9-cea4-42fe-bfb9-8bff86f890cb,886d9bbd-1591-4e70-aeef-dacf32a21c62,BIOMETRIC,True,2025-04-17 23:31:20
9e359f68-cd39-4fab-b645-a226d94cb98e,023637a3-bf4e-4b5d-8d7c-1406a60a6b1e,OTP,True,2025-02-05 15:48:29
28ef4987-c659-4533-a857-26dd19815508,8276f7b9-c106-4f21-85d6-7ae555152e20,OTP,False,2025-05-09 18:49:12
672766b3-d12b-4a4b-8c1a-d608d0d4b0a5,88321fe3-68bd-4c1a-89bc-ccee19319bb8,OTP,False,2025-06-14 06:37:14
a8522c51-f09f-4622-9482-d275ad834b58,91a6b4ee-49fa-402f-aeaf-376029f6b739,BIOMETRIC,False,2025-06-02 16:36:50
cb60f9af-aef1-44d6-a83e-736e213d17a5,fb697a24-1e22-4a65-a958-122afb1a2df3,OTP,True,2025-04-12 12:47:10
0f028e71-503f-4759-9015-1c1a21e2ef69,ad5617e5-cf79-476e-be34-cc0b864cacaa,BIOMETRIC,True,2025-06-15 16:41:30
fcd6bb55-ff91-429e-a27f-dffa6261b10d,a228329f-d1e8-4547-a12e-06e4ec355baa,OTP,False,2025-03-28 21:28:03
eccb85b0-f753-4d6c-9416-60001e5f1ed8,d08456ce-1cd7-4877-bcb4-0092310098b3,BIOMETRIC,True,2025-05-12 07:05:13
63b64a38-b55c-4f6f-9ea3-69ff1df245f0,e35e39fc-41e8-4584-85cb-0f6daf143fc3,BIOMETRIC,True,2025-06-11 15:07:00
f9f78fc6-59bf-4817-b638-ab6816a2d0c6,33e36eab-58c4-4881-b6eb-49af7bbb0a99,OTP,False,2025-01-17 01:00:12
b5dde7e8-5e5e-4620-aacc-b776ee4c9ad0,67a791ac-d501-40bd-89df-39acec19a8b3,BIOMETRIC,False,2025-01-02 02:56:29
baba328d-1f49-45c4-bb15-f40609dea651,a970e9ea-0335-4ba4-ae89-3006d2db80ad,BIOMETRIC,False,2025-06-03 05:35:23
d20adc6a-5835-4e7f-944e-f2de5ebbdf8e,f985b09e-2dec-4fde-ba17-c6ad20eab073,OTP,False,2025-05-10 09:23:24
1b81f1f3-2a09-41e7-b3cb-b550154b2a33,d141b6ae-8adf-40d1-a467-9a826b617af5,BIOMETRIC,True,2025-05-30 04:58:01
ecbcab55-c060-4528-a77e-0685384ed986,8214468f-7977-4f1c-94a5-1bf9d0ee7c83,OTP,False,2025-02-26 00:34:48
8528feb4-ad64-4230-b92e-6069a2398c85,f60a4ca2-87a1-4287-898f-7e9acb191991,BIOMETRIC,False,2025-01-26 23:34:25
fc67dc6c-4c1f-48d7-b7a2-c3f6eb627b87,f20db9ab-1834-4cd7-84fd-5158c7ded49f,BIOMETRIC,False,2025-06-07 05:59:09
c6db34d8-4feb-4332-8c11-db29ab78fd26,ad1ad495-6d04-4228-b8be-ae959f648df5,BIOMETRIC,False,2025-07-14 20:36:03
a0679f90-88de-4f63-bf16-285275cd96de,09795d94-6fa1-4777-82a8-fc4c8c2390e7,OTP,False,2025-07-05 19:49:24
eb655b62-c189-4679-b428-8a175bc7023f,ea32f4bc-05d7-4d5b-a9ba-eb70fa9f20a8,BIOMETRIC,False,2025-01-17 10:49:38
b90dad12-a9b5-43f8-9a57-b625ee2c2507,81bd4a3d-a940-4ee3-868b-459e80ff2c83,BIOMETRIC,False,2025-02-22 20:03:56
46b9c141-a31d-4e48-9a2b-1ec0a5711615,f84903e6-32eb-44f1-8535-08578c1b5839,BIOMETRIC,True,2025-05-24 07:04:19
563ce336-18b7-40ad-89fd-c0bdd3526f54,9d1125e2-daa2-4140-9e63-7df29fbe7e22,BIOMETRIC,True,2025-01-21 15:22:48
b29f550f-8e0c-40d7-98f2-782bc782024f,64360d10-3eaf-415d-97d9-169511d293c5,OTP,True,2025-06-15 09:41:06
7c992bd6-b33e-4c78-b405-ef1c1c0bb102,d279c06d-2dc0-4221-83a7-947c6ad96ec3,OTP,True,2025-04-23 17:52:54
0b41d33b-b2e1-4fbc-8b22-d7bc602b42b3,a06ae33c-d34a-49b3-8f9a-b0712256f2fe,OTP,False,2025-04-20 07:30:49
4944fca6-9877-4bb8-b555-22b835b4ef16,aaf5c1d1-ff79-4911-bc8d-0256873021d4,OTP,True,2025-04-23 01:50:07
42e2970b-d84b-4089-9521-9db312a128db,5246f86a-6a44-4153-b24e-3c1a4cbfb87b,BIOMETRIC,True,2025-04-27 00:35:25
af8c6b0a-3538-42b3-8fc5-2f8113bc99e5,eb426ef3-b77a-4913-a6ed-2d59b4c5497a,OTP,False,2025-03-28 08:03:14
fa733302-0baa-47cf-8b70-fd87f6229bfa,7715b5ef-693f-419d-97fa-ea8a13272765,BIOMETRIC,False,2025-02-03 19:29:04
8e15bea2-944a-45c6-b6d6-dd48306ce6c8,df334f4e-1be7-461e-8968-46b51c415ce7,OTP,False,2025-05-02 22:27:20
e68197a2-3b31-48d0-a84d-1d92011d2741,a652d500-7151-4573-bd48-68ffa983d367,BIOMETRIC,False,2025-03-10 04:01:04
1a18fd96-35d6-44be-a986-05db5c5518cd,dcb14a97-e4e8-4e82-9fca-3e9a82d6fb9f,BIOMETRIC,True,2025-01-22 23:59:27
9f9234f1-5063-4270-88d6-e1cf52ae753a,af8d57cc-1b50-4a17-ba6f-ce0c1fadde35,OTP,True,2025-05-25 04:53:27
17eab1fd-0745-4cb8-9afd-fa3fa5370cac,db0503b2-f33a-43eb-b97c-24aba244d66d,BIOMETRIC,False,2025-06-07 12:05:12
58ff7422-a356-4a8f-8a93-3d2f53b04e1e,71c29bbf-1018-4aa9-94b2-b19e3620ffa1,BIOMETRIC,True,2025-07-08 06:02:32
676c11df-3093-4f76-8de2-9ba12b2e22ed,bd9ddc70-e40b-4901-b122-9a9344e7a5fa,OTP,True,2025-01-18 01:27:46
357fc8c1-1c87-4b17-85c7-df9ec3e0b3f2,af146281-f161-453d-a706-c1c8acdc28bf,BIOMETRIC,False,2025-07-14 23:49:34
217c0337-368b-4795-bac0-53dba920c86b,7b4cd9cb-a030-43c9-a4b2-e0d7a8d29c03,BIOMETRIC,False,2025-03-19 11:25:43
6bb59d78-10fd-4be4-842b-13cca50b0ccb,88b2cfae-8420-417c-9075-535d82ad67e9,BIOMETRIC,True,2025-02-22 17:19:01
b1e77057-b70b-4427-82af-7216f83e6db3,e105fcbd-7ac5-4372-9982-c19a0eeb9cce,BIOMETRIC,False,2025-04-11 22:50:45
185a8336-546e-4ead-b874-8093a792a711,0663b53d-d64f-408f-93da-efcccab4ba9a,BIOMETRIC,False,2025-06-18 07:36:48
9a398fcf-7d93-45e6-b771-b8c84de12285,4a8749d2-2d08-4e28-a674-f59d9c4ff8f4,OTP,False,2025-06-13 13:55:51
14af1792-1389-4022-aa3a-561910cabf28,59ee2fa3-7980-4469-bb18-fd9bc0a10f61,BIOMETRIC,False,2025-05-16 15:32:29
5c3c684b-4038-4949-9f48-363137407270,afa782fb-92f5-41c9-8465-836f4e65da7d,BIOMETRIC,False,2025-03-09 02:33:32
14236a6d-41b7-4c29-934d-fbbf9e5f9a90,4ff01d66-0993-46cc-bea4-7b0eb99a7f76,OTP,True,2025-03-07 20:45:57
78237f5e-9fdb-49f1-a0ea-19b37d00d4fb,e32a9f65-6849-482c-8421-527618a45d69,BIOMETRIC,False,2025-03-08 19:56:48
a6720ca8-15c1-4631-a2f0-5782cf5af2df,4632d2df-e66f-405e-8720-2920d7c920fc,OTP,False,2025-03-21 07:09:29
e54f5037-63f3-43a6-9995-f8b4e01a2742,0663b53d-d64f-408f-93da-efcccab4ba9a,BIOMETRIC,False,2025-06-18 07:36:48
f9916d80-6ef7-4a35-b712-2451a0496abe,8b046d4d-f297-47d5-be7f-566f431a12b7,OTP,True,2025-01-18 04:08:00
8e83d8c8-1600-477e-be64-f3381079627f,677739b7-38a2-46f3-aa77-efd37dc8186a,BIOMETRIC,False,2025-05-02 08:31:19
55263acc-7cc8-4295-b30f-9640fe4f76f2,8d0db5ff-c1a7-4b5d-8aa8-d227f058e965,BIOMETRIC,True,2025-05-06 19:32:48
d5ac63b0-0f22-411e-967c-0fa2d60a02b4,750c9149-8dca-4854-82aa-0f31e3cd3726,BIOMETRIC,False,2025-04-06 04:55:49
c1404702-b58a-463a-897b-663aacc8a6ac,a8b24a14-1d97-4d5c-ad7f-5045221c8392,OTP,False,2025-05-18 06:47:41
96e9cf00-2908-4503-a080-87c4beda7905,99b09177-85bd-44a0-9f0f-f97aa893bf42,BIOMETRIC,False,2025-04-14 10:50:47
